transaction_id,transaction_date,sender_account_id,sender_name,sender_country,receiver_account_id,receiver_name,receiver_country,amount,currency,channel,transaction_type,source_system
77bc68f8-6dd7-4ed3-bb6f-7d2ea4923f04,2026-07-25 04:19:31,ACC75582257,Piotr Lopez,DE,ACC97616925,Lukas Novak,LU,2544.16,PLN,MOBILE,DEPOSIT,MOBILE_APP
10f51ed3-e12a-4610-9786-25994aeb10ca,2026-07-25 11:47:37,ACC25278911,Sofia Rossi,CH,ACC86359356,Nina Kowalski,DE,8058.5,USD,MOBILE,WITHDRAWAL,MOBILE_APP
5e484aca-bb97-4c98-bb6a-a9ebb46a2675,2026-07-25 02:03:18,ACC43234179,Elena Dubois,AE,ACC21400686,Anna Dubois,FR,6949.8,GBP,CARD,TRANSFER,MOBILE_APP
2eafe407-9407-4f7f-8572-77ea7d86946e,2026-07-25 12:56:47,ACC34109916,John Novak,CY,ACC97254650,Sofia Lopez,CH,10229.18,USD,CASH,TRANSFER,CORE_BANKING
04c82f6e-ba11-41c0-b87b-b2a163e383c5,2026-07-25 13:53:13,ACC21171324,Piotr Lopez,CY,ACC30508295,Ivan Petrov,GB,4499.12,PLN,CASH,WITHDRAWAL,CARDS
c0dd66c9-19a0-4f99-9fd6-7641290424da,2026-07-25 13:34:25,ACC75260270,Ivan Schmidt,FR,ACC73104323,Ivan Schmidt,GB,3637.97,PLN,MOBILE,DEPOSIT,MOBILE_APP
afdfb722-5bea-4abd-8961-20547315ae7a,2026-07-25 08:27:02,ACC88874216,Sofia Lopez,IR,ACC98175428,Maria Petrov,GB,5340.02,PLN,CASH,DEPOSIT,MOBILE_APP
9d01919c-f192-4e5b-80f0-283ca37ba3e3,2026-07-25 09:00:57,ACC79316990,Nina Muller,US,ACC70976401,Anna Petrov,IR,1122.78,PLN,CASH,TRANSFER,CORE_BANKING
26d24115-0745-4de0-8e16-607930b34afc,2026-07-25 20:35:35,ACC68558918,Piotr Rossi,CY,ACC75581713,Sofia Kowalski,RU,1721.56,PLN,CASH,DEPOSIT,CORE_BANKING
36c4ce9d-87b9-4c86-bfd7-e4a94a84baab,2026-07-25 22:00:42,ACC76861495,Elena Schmidt,GB,ACC65141717,Ivan Lopez,US,97.87,EUR,WIRE,DEPOSIT,CARDS
39a65d59-688f-472e-82ff-e350a7fc04c7,2026-07-25 02:33:08,ACC10443906,Lukas Nowak,FR,ACC86134185,Ivan Rossi,US,5680.55,GBP,CASH,TRANSFER,MOBILE_APP
23d42427-3c73-4463-9dc4-a00864ee3ba1,2026-07-25 11:05:17,ACC68348074,Sofia Novak,AE,ACC11089747,Nina Schmidt,CH,9645.9,USD,MOBILE,TRANSFER,CARDS
37a31617-590e-4e32-87c9-89545c133e22,2026-07-25 19:23:44,ACC68213514,Nina Kowalski,CY,ACC36930522,Sofia Nowak,DE,8497.62,USD,CARD,DEPOSIT,MOBILE_APP
c43e38d5-88ac-4a10-a27d-60c14e884118,2026-07-25 23:33:33,ACC81756326,Sofia Novak,LU,ACC48917593,Elena Petrov,CY,970.19,EUR,CASH,DEPOSIT,CORE_BANKING
c98fe76b-68e1-4fc8-8161-b61e7a551a91,2026-07-25 13:57:04,ACC76719940,Ivan Schmidt,LU,ACC81467508,Ivan Muller,CH,4407.55,EUR,CASH,DEPOSIT,MOBILE_APP
b3fa84b8-14a1-4b0d-9ce6-90f1bedd9f91,2026-07-25 07:39:35,ACC31505334,Maria Rossi,RU,ACC64531161,John Dubois,FR,9026.69,PLN,CASH,DEPOSIT,CARDS
2fc937c4-34c6-4f0b-ab4d-3b9f880740e1,2026-07-25 13:30:14,ACC85102924,John Lopez,DE,ACC44935754,Marek Schmidt,LU,1405.86,GBP,CASH,TRANSFER,CORE_BANKING
6901b230-31a3-461e-8dc5-382825fb45de,2026-07-25 05:17:58,ACC47228730,Nina Rossi,US,ACC31549640,Ivan Lopez,NL,8884.63,EUR,WIRE,DEPOSIT,CORE_BANKING
90ed39fc-f4a9-4168-825a-6b2530c579bc,2026-07-25 23:21:18,ACC87115770,John Schmidt,GB,ACC66278204,Lukas Schmidt,GB,1601.98,GBP,MOBILE,TRANSFER,CARDS
edba7162-de2e-4a80-9c43-8f979057d3a4,2026-07-25 03:51:19,ACC91826622,Anna Schmidt,PL,ACC78089422,Anna Petrov,RU,8211.72,EUR,CARD,WITHDRAWAL,CORE_BANKING
b226a7ea-6ac2-4d95-82dc-a5ebbcaf0827,2026-07-25 15:13:17,ACC16382911,Marek Kowalski,PL,ACC16996855,Sofia Muller,GB,2608.23,PLN,MOBILE,DEPOSIT,CORE_BANKING
9849ab5f-4d66-487a-8b9a-9cc14101f7f9,2026-07-25 02:07:49,ACC71880273,Marek Rossi,DE,ACC17098551,Piotr Rossi,CH,1551.52,GBP,WIRE,WITHDRAWAL,CARDS
6881ec45-7a41-464d-b9e9-43c73ef7d6dc,2026-07-25 01:53:48,ACC34661114,Maria Petrov,PL,ACC63775923,Elena Dubois,US,6741.59,EUR,WIRE,TRANSFER,CORE_BANKING
d8497e43-d933-42dc-bc60-c0cc366de6f0,2026-07-25 01:59:12,ACC14813349,Maria Dubois,DE,ACC72697508,Lukas Novak,LU,2428.94,EUR,CASH,WITHDRAWAL,MOBILE_APP
e55c8c88-e90e-47cd-a30c-62ded1cf5fcb,2026-07-25 15:25:52,ACC65592149,Marek Lopez,AE,ACC21553190,Marek Muller,GB,7655.79,PLN,MOBILE,TRANSFER,MOBILE_APP
6c625fae-1431-44db-8b19-dd57ebdc567b,2026-07-25 00:14:23,ACC73574016,Sofia Dubois,CY,ACC32986369,Anna Dubois,US,2590.91,PLN,MOBILE,DEPOSIT,MOBILE_APP
7c68c5c7-a9e7-43d7-adfb-becd3845e94d,2026-07-25 01:43:22,ACC48169110,Maria Petrov,AE,ACC31580852,Ivan Dubois,DE,1574.59,USD,CARD,TRANSFER,CORE_BANKING
65f9c4d4-0014-4b64-b6bf-245c6c6b27a6,2026-07-25 12:53:05,ACC56938851,Marek Silva,US,ACC11189670,Anna Silva,LU,1143.08,USD,WIRE,DEPOSIT,MOBILE_APP
18b75379-30e0-40d6-90db-802a141fc61a,2026-07-25 13:36:45,ACC74867032,Maria Nowak,GB,ACC88005556,Lukas Lopez,RU,5526.99,EUR,CARD,TRANSFER,CORE_BANKING
6a6be170-f6c4-49d0-a28c-78eba2deab70,2026-07-25 02:00:13,ACC36192555,Nina Schmidt,NL,ACC47302753,Elena Kowalski,FR,6393.42,PLN,WIRE,DEPOSIT,CARDS
9490aae3-2da0-4d87-b49a-df4188b6affb,2026-07-25 05:11:42,ACC63584671,Nina Muller,CY,ACC54143064,Nina Nowak,LU,4691.27,PLN,WIRE,DEPOSIT,CORE_BANKING
76f51933-53a8-42b2-ac89-c81c1019729d,2026-07-25 04:02:24,ACC38217583,Piotr Nowak,NL,ACC59612328,Sofia Petrov,CY,3566.26,PLN,WIRE,TRANSFER,CORE_BANKING
a6e7244a-9eab-4941-83b0-7ef050338b21,2026-07-25 22:55:17,ACC26153687,John Lopez,RU,ACC35559565,Elena Nowak,FR,7802.32,EUR,MOBILE,WITHDRAWAL,MOBILE_APP
5f1ed49b-b565-475d-bfd9-269f7beb8c8c,2026-07-25 05:20:13,ACC62425387,Maria Nowak,FR,ACC25188619,Nina Silva,IR,3376.28,GBP,CARD,TRANSFER,CARDS
809db9a4-e2e3-4deb-8e66-8e0625e708bf,2026-07-25 20:36:49,ACC35526992,Lukas Nowak,RU,ACC81466893,Ivan Novak,DE,657.11,PLN,CASH,DEPOSIT,CARDS
138aa29b-6467-4f61-8b46-5d4e7d41f264,2026-07-25 08:55:50,ACC87786253,Maria Novak,CY,ACC91450675,Sofia Silva,AE,8715.16,EUR,CASH,TRANSFER,CARDS
a2129288-450d-49fa-ad45-9e056f845d3e,2026-07-25 00:06:44,ACC63929804,Marek Kowalski,AE,ACC26494625,Ivan Dubois,IR,4808.51,USD,MOBILE,WITHDRAWAL,MOBILE_APP
09cd85f6-93ac-45a7-98b0-3c2534e21444,2026-07-25 16:56:40,ACC40037183,Marek Lopez,GB,ACC58781345,Lukas Petrov,IR,4951.32,GBP,MOBILE,WITHDRAWAL,CARDS
b1c3a400-2541-450e-8989-a1e28db07019,2026-07-25 19:15:15,ACC35709072,Piotr Petrov,CY,ACC10581018,Anna Muller,CY,2294.14,PLN,MOBILE,DEPOSIT,MOBILE_APP
8e673663-aad9-4409-9fda-de2a8b679d2d,2026-07-25 06:49:56,ACC83294452,Marek Lopez,CH,ACC39009455,Sofia Muller,NL,4423.45,EUR,MOBILE,WITHDRAWAL,CORE_BANKING
546da032-a64c-42a8-b00d-31194c22af0f,2026-07-25 11:25:19,ACC49675858,Marek Novak,GB,ACC87378080,Sofia Rossi,FR,1798.64,EUR,CARD,DEPOSIT,CARDS
7dd9d98a-199a-4ec3-afc1-4ecaa2f29e5c,2026-07-25 01:58:08,ACC13079321,Lukas Dubois,GB,ACC95320504,Marek Novak,DE,2236.45,EUR,MOBILE,WITHDRAWAL,CORE_BANKING
e824ed8d-4eab-461f-87b1-1a20751f713b,2026-07-25 13:09:29,ACC75905864,John Silva,FR,ACC75299245,Amara Haidari,IR,4115.59,PLN,CASH,WITHDRAWAL,MOBILE_APP
9c4d3353-792c-4fb2-927e-ca1d90a1ff98,2026-07-25 04:10:07,ACC73025187,Anna Rossi,LU,ACC65423162,Lukas Kowalski,US,2069.47,USD,MOBILE,WITHDRAWAL,MOBILE_APP
b021c4d2-287e-451b-9911-0d8c318cb7c9,2026-07-25 15:24:12,ACC66711868,Sofia Lopez,DE,ACC68264710,Lukas Novak,PL,965.53,GBP,CASH,DEPOSIT,CORE_BANKING
c808905e-ae81-4b7e-91a8-e87cd6db67ca,2026-07-25 17:20:20,ACC81473736,Elena Silva,RU,ACC62354374,Maria Dubois,DE,3178.33,PLN,WIRE,WITHDRAWAL,CARDS
d995c74c-4635-483e-a783-33d4471fb4ca,2026-07-25 02:47:28,ACC50513220,Ivan Dubois,CH,ACC99047650,Ivan Rossi,NL,6848.11,PLN,CASH,WITHDRAWAL,MOBILE_APP
a4d62322-5522-4919-8e81-438202334eb4,2026-07-25 21:48:17,ACC87989327,Maria Lopez,CH,ACC44616300,Maria Novak,US,7833.53,EUR,MOBILE,TRANSFER,MOBILE_APP
645b83b7-ffc1-41a4-b378-9d27183fcfb1,2026-07-25 04:11:38,ACC69110577,Elena Lopez,US,ACC15892805,John Muller,NL,1512.37,GBP,CARD,TRANSFER,CARDS
1febcad6-72ee-412b-a434-e4e26d38a6ce,2026-07-25 17:05:03,ACC54495054,Lukas Rossi,GB,ACC48816900,Marek Kowalski,IR,6035.16,GBP,MOBILE,TRANSFER,MOBILE_APP
0491f956-5ddb-4054-a081-8802ca053abd,2026-07-25 16:14:15,ACC95335496,Ivan Muller,DE,ACC60104178,Ivan Petrov,NL,899.36,PLN,CASH,TRANSFER,CORE_BANKING
e92fd72a-9ce6-49a1-8f1c-98f72bc5a24a,2026-07-25 10:44:32,ACC57187591,Elena Lopez,PL,ACC72445215,Ivan Lopez,US,4678.42,PLN,CASH,WITHDRAWAL,CARDS
a24ca8de-6f2e-472c-bece-40babe678860,2026-07-25 14:50:11,ACC12499514,Piotr Schmidt,AE,ACC23624363,Elena Schmidt,RU,6659.51,USD,MOBILE,DEPOSIT,CARDS
8e83d532-096c-41a5-87f1-3391b76cb081,2026-07-25 16:39:31,ACC67385552,Lukas Kowalski,AE,ACC61052956,Sofia Silva,AE,9321.91,EUR,WIRE,WITHDRAWAL,CARDS
e94a63ff-f8e0-4e4a-a7db-0900baf91693,2026-07-25 10:06:58,ACC92650976,Piotr Dubois,GB,ACC11906295,Anna Lopez,DE,2661.49,USD,CASH,WITHDRAWAL,CORE_BANKING
9c16f3d9-7e2e-4f10-8449-0544caedd5ed,2026-07-25 00:22:44,ACC39431208,Piotr Petrov,GB,ACC12098962,Ivan Lopez,FR,8654.81,PLN,MOBILE,DEPOSIT,MOBILE_APP
bda62790-0cbf-4403-8a12-217e62c9fa4e,2026-07-25 18:35:24,ACC23288780,John Muller,PL,ACC35242818,Marek Dubois,NL,2219.12,USD,CARD,DEPOSIT,CARDS
0e4c93b5-a13b-4cba-86c0-60df15dcbe83,2026-07-25 05:21:56,ACC24500436,Anna Dubois,LU,ACC76742957,Elena Petrov,PL,8068.64,EUR,WIRE,TRANSFER,CARDS
f1cb392b-fb0b-40f7-8bfc-3d5ee63118d7,2026-07-25 07:37:42,ACC63414658,Piotr Kowalski,DE,ACC75997979,John Novak,FR,9766.58,PLN,CASH,DEPOSIT,CARDS
a9743775-6d5f-4f1f-a9cc-5459df5f721b,2026-07-25 03:21:38,ACC61586279,Lukas Lopez,FR,ACC79596863,Elena Silva,DE,6773.28,PLN,MOBILE,DEPOSIT,CARDS
a57edf7b-1a67-4cd9-a287-822e091a349b,2026-07-25 19:07:02,ACC39573041,Piotr Dubois,CY,ACC25985787,Marek Muller,PL,2732.59,USD,MOBILE,TRANSFER,MOBILE_APP
0aa12ad0-44d5-4aba-91f7-cd03842fd591,2026-07-25 23:28:20,ACC35375292,Anna Kowalski,NL,ACC79742280,Sofia Silva,AE,245.13,GBP,MOBILE,WITHDRAWAL,MOBILE_APP
ffa34626-6272-406b-afa6-2d7730d395ac,2026-07-25 13:01:40,ACC92334886,Piotr Muller,NL,ACC76277877,Sofia Kowalski,GB,2027.04,PLN,CARD,TRANSFER,CORE_BANKING
6c69fa47-c1f2-4b50-9e0c-ca24fd43af06,2026-07-25 14:53:22,ACC76779099,Sofia Dubois,CH,ACC13317620,Marek Nowak,NL,3871.53,GBP,WIRE,WITHDRAWAL,CORE_BANKING
6c6e1002-c28d-4072-9b62-f918f2bcb048,2026-07-25 22:09:48,ACC55823984,Maria Petrov,US,ACC49036097,Sofia Lopez,CH,6846.62,EUR,CASH,TRANSFER,CORE_BANKING
94cf3c6f-b1b4-4e22-9f04-7b436e6fabdf,2026-07-25 23:02:07,ACC59541127,Sofia Novak,IR,ACC83722452,Piotr Petrov,CH,6362.07,GBP,MOBILE,TRANSFER,MOBILE_APP
f631defe-67df-4fd1-8e55-713f95132e86,2026-07-25 08:05:56,ACC61202173,Ivan Rossi,DE,ACC69372673,John Novak,LU,6392.5,EUR,CARD,TRANSFER,MOBILE_APP
16b6dd1f-6322-4fe2-94d2-a8a446cc788a,2026-07-25 01:34:11,ACC58881166,Piotr Muller,CH,ACC43739891,Sofia Lopez,LU,586.21,EUR,WIRE,DEPOSIT,CORE_BANKING
d832a9b5-d43e-45a3-8bc5-843818801016,2026-07-25 08:25:33,ACC67186933,Maria Kowalski,CY,ACC67320744,John Dubois,FR,2344.2,GBP,MOBILE,WITHDRAWAL,CARDS
7edb4b80-3bb4-4f85-b3c6-9f1d42ef867a,2026-07-25 20:10:34,ACC11435415,Lukas Schmidt,IR,ACC28311107,Maria Nowak,CY,9762.09,EUR,CASH,TRANSFER,MOBILE_APP
61aedb3d-2874-4f5e-a58d-c2ad4b43003f,2026-07-25 09:35:00,ACC45400991,Ivan Rossi,CH,ACC32143753,Sofia Nowak,DE,6443.52,PLN,WIRE,TRANSFER,CORE_BANKING
d23b75c0-c459-439b-b564-d032f410a19d,2026-07-25 03:44:36,ACC23766187,Ivan Silva,DE,ACC10162459,Elena Kowalski,NL,5727.85,PLN,CASH,TRANSFER,CARDS
a72f0fd9-10c0-4b19-8e97-57a2fae5a348,2026-07-25 15:41:25,ACC60284858,Marek Petrov,NL,ACC75293067,Marek Schmidt,FR,1808.25,PLN,CARD,TRANSFER,CORE_BANKING
1624a724-27c9-4b92-931b-9c438d20a7b2,2026-07-25 14:35:40,ACC37772949,Marek Kowalski,DE,ACC86758847,Elena Lopez,IR,6383.65,EUR,CASH,DEPOSIT,MOBILE_APP
b370bf3e-0963-4961-9836-ccd34d5817a9,2026-07-25 12:23:25,ACC31881401,Anna Muller,DE,ACC77562908,Elena Muller,CY,9671.11,EUR,CASH,WITHDRAWAL,CORE_BANKING
3c7ecac6-8baa-4d9a-b782-40b1e1ebf2b7,2026-07-25 13:13:42,ACC37079584,Maria Novak,CY,ACC38733345,Piotr Dubois,PL,10179.6,GBP,CASH,TRANSFER,MOBILE_APP
89a57862-9321-4571-b5c2-c98c16e950c4,2026-07-25 13:37:34,ACC65810437,Lukas Rossi,CH,ACC75706438,Piotr Lopez,FR,5170.43,PLN,WIRE,TRANSFER,CARDS
cf56d686-245c-4cfa-b0c0-37edeb3216d9,2026-07-25 11:20:24,ACC36512868,Elena Silva,DE,ACC91315976,Elena Dubois,GB,1740.38,PLN,CARD,WITHDRAWAL,CARDS
1ef279fe-1834-4576-9375-0104d81f8ea6,2026-07-25 06:37:58,ACC46169218,Anna Nowak,RU,ACC68969458,Marek Petrov,US,5641.76,PLN,WIRE,WITHDRAWAL,MOBILE_APP
f81ec09a-6567-455e-9808-a9178610b90b,2026-07-25 19:33:52,ACC13901068,Maria Schmidt,FR,ACC19510600,Elena Nowak,AE,1863.3,GBP,CASH,TRANSFER,MOBILE_APP
ae081412-e6f6-477e-a712-aa0ae2490d64,2026-07-25 06:06:44,ACC15907259,Lukas Schmidt,FR,ACC53908184,Sofia Schmidt,RU,7607.64,USD,CARD,DEPOSIT,CARDS
fdc04d9a-e4f2-45ce-b017-4fcf6677f27a,2026-07-25 19:49:59,ACC69606543,Ivan Lopez,PL,ACC99618537,Piotr Silva,NL,1064.88,USD,CASH,DEPOSIT,CARDS
8cbd2a3a-08fd-45da-a39e-b1fd3a88134d,2026-07-25 15:43:36,ACC89528133,Sofia Dubois,NL,ACC24474127,Maria Muller,US,8488.46,EUR,MOBILE,DEPOSIT,CORE_BANKING
58080de5-6d68-4a9e-a3b1-b68cbedb1375,2026-07-25 03:26:00,ACC13484583,Piotr Novak,CH,ACC60138147,Nina Novak,US,9319.61,USD,WIRE,TRANSFER,CARDS
5cf64be0-1efa-4358-ade9-ccf7f356b092,2026-07-25 07:54:36,ACC65200819,Ivan Novak,US,ACC20272170,Anna Schmidt,US,9543.56,PLN,CASH,TRANSFER,CARDS
4ed47500-1e5e-4c1e-be3d-5cd723d3d792,2026-07-25 19:40:05.821781,ACC84209721,Marek Rossi,RU,ACC94758735,Sofia Petrov,NL,9689.39,EUR,WIRE,TRANSFER,CORE_BANKING
20151437-79f7-48af-bdca-f417bb784749,2026-07-25 02:10:57,ACC44863921,Ivan Rossi,FR,ACC16406597,Anna Nowak,GB,8839.79,EUR,CASH,WITHDRAWAL,CORE_BANKING
2628014c-831d-44c3-ab43-7438b1b7d433,2026-07-25 09:53:00,ACC58656970,Anna Schmidt,AE,ACC57194894,Marek Kowalski,DE,7203.45,GBP,MOBILE,WITHDRAWAL,CARDS
d56b9fd4-2e97-4365-ab70-113934f0761e,2026-07-25 20:42:39,ACC50912220,Ivan Kowalski,LU,ACC92912825,Maria Kowalski,US,4145.15,EUR,CASH,WITHDRAWAL,CARDS
77518906-292d-4303-8b23-dbe2e017fbe0,2026-07-25 08:42:08,ACC54495204,Lukas Muller,CH,ACC34728879,John Rossi,PL,5058.22,EUR,MOBILE,TRANSFER,MOBILE_APP
cde21498-f7e0-4d50-a3cb-fa599d8bad77,2026-07-25 03:38:57,ACC28426925,John Lopez,FR,ACC60717541,Lukas Kowalski,FR,7610.74,EUR,WIRE,TRANSFER,CORE_BANKING
84e97551-8a2a-498e-959e-186832f4a9d1,2026-07-25 15:14:39,ACC24072446,Maria Kowalski,LU,ACC39448158,John Muller,IR,3463.93,USD,CASH,DEPOSIT,CORE_BANKING
a558b6df-d681-4cf6-b4fe-4da85964782d,2026-07-25 19:30:02,ACC62096010,Lukas Rossi,US,ACC26952687,Ivan Lopez,AE,2009.71,USD,WIRE,WITHDRAWAL,CORE_BANKING
1cea46c0-b744-4704-85bc-3f2e0748def1,2026-07-25 14:37:29,ACC65177982,Elena Lopez,RU,ACC93752957,John Nowak,CH,1024.3,PLN,CASH,DEPOSIT,MOBILE_APP
cb260216-5698-49a9-bbb7-e81894569369,2026-07-25 00:21:43,ACC79437366,Anna Novak,US,ACC52252354,Lukas Petrov,CH,7540.72,EUR,CASH,TRANSFER,MOBILE_APP
b254918c-b99c-4eea-902c-92aa441ecdb9,2026-07-25 01:15:01,ACC51458705,Ivan Novak,GB,ACC87037211,Maria Muller,LU,6296.27,GBP,CASH,TRANSFER,CARDS
b5bc71bf-b57c-4274-b5ee-a6136ad3c630,2026-07-25 23:00:40,ACC46197787,Elena Rossi,DE,ACC14307663,Nina Kowalski,GB,3778.03,USD,WIRE,WITHDRAWAL,CARDS
9f45f368-bdc5-447d-a627-67e97e82d83d,2026-07-25 05:09:18,ACC12558593,Maria Lopez,PL,ACC42572300,Marek Kowalski,DE,5143.62,EUR,MOBILE,TRANSFER,CARDS
9da1e20c-32ce-4ac0-80ef-eebd9727ba87,2026-07-25 19:15:55,ACC38540398,Maria Nowak,PL,ACC31050667,Ivan Rossi,FR,1257.25,PLN,WIRE,TRANSFER,CARDS
43f48e79-6008-4e48-a535-df74cbe65ebc,2026-07-25 15:13:40,ACC34575873,Maria Rossi,LU,ACC77408068,Piotr Dubois,CH,7427.13,USD,MOBILE,DEPOSIT,CORE_BANKING
3eb722b8-d004-4b79-9fe1-1399ea72ecfd,2026-07-25 03:03:20,ACC49994087,Anna Silva,US,ACC98238841,Anna Silva,IR,3309.72,USD,CARD,TRANSFER,MOBILE_APP
960499d2-4ce6-4e67-af74-5a164822477d,2026-07-25 10:28:57,ACC71244438,Sofia Dubois,CH,ACC92279159,Marek Silva,NL,6793.21,USD,CASH,WITHDRAWAL,CARDS
5c8b259c-1247-4133-b808-bb4e2069582a,2026-07-25 04:33:15,ACC35609022,Anna Kowalski,IR,ACC35262608,John Muller,LU,1435.99,USD,CARD,WITHDRAWAL,MOBILE_APP
57396eaf-7734-4651-8129-3534258b813d,2026-07-25 18:13:40,ACC98380502,Lukas Lopez,GB,ACC65245223,Anna Novak,RU,10161.32,GBP,CARD,WITHDRAWAL,MOBILE_APP
c30ae67b-5ebf-4510-b6da-332f26213f8a,2026-07-25 13:45:09,ACC18625158,Sofia Kowalski,AE,ACC41511655,Maria Nowak,RU,1326.66,EUR,WIRE,TRANSFER,CARDS
4a7dacda-3ef3-48c6-88c2-081c267b4fdd,2026-07-25 22:18:01,ACC37802722,Anna Lopez,US,ACC17356698,Ivan Rossi,PL,5704.72,EUR,CASH,WITHDRAWAL,CARDS
60a76969-a7cc-4836-93e8-c4c6f0695419,2026-07-25 02:04:38,ACC42858752,Ivan Kowalski,DE,ACC24132859,Piotr Silva,DE,7786.13,PLN,WIRE,TRANSFER,CARDS
be16366c-08d1-49de-a622-3fbdbe17c706,2026-07-25 09:23:29,ACC44363268,Maria Petrov,FR,ACC86334111,Maria Kowalski,US,10354.78,GBP,CASH,WITHDRAWAL,MOBILE_APP
282d1fa9-3e63-427a-a02c-148ee166bbe7,2026-07-25 21:35:28,ACC47822197,Elena Novak,CH,ACC59338378,Marek Silva,CH,8684.54,USD,WIRE,TRANSFER,MOBILE_APP
ba1d59ab-59b7-4305-a9c6-694053da082c,2026-07-25 14:46:28,ACC24595457,Nina Silva,US,ACC76343171,John Novak,NL,749.49,USD,WIRE,TRANSFER,MOBILE_APP
c2a1b31d-cccd-4290-8c2a-e60203455cf6,2026-07-25 09:05:28,ACC42016340,Elena Novak,PL,ACC66597298,John Kowalski,US,3946.28,USD,WIRE,TRANSFER,CORE_BANKING
57f1dc9d-2b40-43cf-959d-1bb5e77d62c0,2026-07-25 05:27:52,ACC29408873,Marek Kowalski,CH,ACC51347409,Piotr Nowak,GB,1719.06,USD,WIRE,TRANSFER,CORE_BANKING
6fa5074d-bbb0-4bfa-a8ef-03aa4955741d,2026-07-25 02:02:10,ACC60292051,Anna Rossi,CY,ACC66878965,Maria Muller,GB,5158.96,USD,MOBILE,WITHDRAWAL,MOBILE_APP
40a4df13-00a9-401c-a3e4-3736abafb1e5,2026-07-25 22:15:14,ACC89328380,Anna Novak,FR,ACC76725470,Nina Lopez,NL,1808.82,EUR,CARD,WITHDRAWAL,CARDS
99383cb9-38ea-4b80-8222-90e434345286,2026-07-25 17:33:18,ACC42333267,Elena Muller,DE,ACC98549488,Anna Novak,CH,6964.49,EUR,CARD,WITHDRAWAL,CARDS
9f45f368-bdc5-447d-a627-67e97e82d83d,2026-07-25 05:09:18,ACC12558593,Maria Lopez,PL,ACC42572300,Marek Kowalski,DE,5143.62,EUR,MOBILE,TRANSFER,CARDS
50f97a77-64bb-4155-80fa-81ec9a35016a,2026-07-25 13:54:30,ACC81169409,John Novak,CY,ACC95553621,Sofia Silva,AE,7130.61,GBP,MOBILE,WITHDRAWAL,CARDS
7ec465c8-6780-40ac-b59f-08e55bcf3ecb,2026-07-25 01:51:54.318624,ACC84209721,Marek Rossi,PL,ACC68709658,John Lopez,DE,9220.86,EUR,WIRE,TRANSFER,CORE_BANKING
27c097f0-d3e7-467b-b2ad-18c4654b2e00,2026-07-25 08:35:50,ACC25241574,Marek Muller,PL,ACC42962076,Piotr Nowak,LU,4273.48,PLN,CASH,DEPOSIT,CORE_BANKING
a7ad3181-5c75-4314-966a-4c98ed5aad47,2026-07-25 16:51:10,ACC34455561,Lukas Kowalski,FR,ACC65868338,Piotr Rossi,AE,1901.71,PLN,CASH,DEPOSIT,CARDS
dc7c9516-6cc8-4594-9ead-e4c5a38a7821,2026-07-25 00:42:52,ACC88547740,Elena Muller,GB,ACC86427662,Lukas Kowalski,US,9030.67,EUR,WIRE,DEPOSIT,MOBILE_APP
a9ba6af5-0431-4fd6-bb5a-a94fe70287e9,2026-07-25 01:40:51,ACC79718468,Piotr Schmidt,LU,ACC28771026,Nina Nowak,IR,9936.33,GBP,MOBILE,DEPOSIT,MOBILE_APP
96910fea-1f8c-4df4-804f-b229abbed1ff,2026-07-25 22:17:02,ACC94180238,Piotr Rossi,CH,ACC10613380,Ivan Muller,NL,9979.12,EUR,WIRE,DEPOSIT,CARDS
0bf7dd9c-83b1-4983-bc46-42db94202086,2026-07-25 03:02:37,ACC94206105,Nina Kowalski,PL,ACC24272571,Ivan Rossi,IR,2825.04,EUR,CARD,TRANSFER,CARDS
b4d23324-5b0d-4042-b93d-71660c1dd5a5,2026-07-25 19:36:33,ACC50388512,Maria Petrov,LU,ACC66623671,John Novak,DE,2020.78,USD,CASH,WITHDRAWAL,CARDS
78e9d738-6f64-4d95-9e4a-b5f97d8f82d0,2026-07-25 23:33:54,ACC11385159,Maria Petrov,US,ACC63358890,Elena Silva,IR,4821.56,PLN,MOBILE,TRANSFER,CORE_BANKING
d603d79a-ea8e-413d-9f82-b8af28821293,2026-07-25 17:13:38,ACC86887967,John Dubois,IR,ACC93794410,John Dubois,LU,6078.92,EUR,CARD,DEPOSIT,CORE_BANKING
fe0d3c1b-6714-4038-8c73-f768ebb164a8,2026-07-25 00:24:29,ACC30601948,Maria Rossi,DE,ACC39081281,John Schmidt,NL,7118.98,PLN,WIRE,DEPOSIT,MOBILE_APP
fed16d48-df65-444b-9b23-1286f93ea611,2026-07-25 07:06:09,ACC79800523,Nina Schmidt,PL,ACC27161260,Maria Novak,GB,7481.15,PLN,CARD,WITHDRAWAL,CORE_BANKING
49a7cb12-9724-4b3f-b38e-7e3ecf477b08,2026-07-25 00:07:43,ACC43971980,John Nowak,LU,ACC76926628,Ivan Kowalski,AE,6544.43,PLN,CARD,TRANSFER,MOBILE_APP
afe0d903-fafe-4111-a8bf-7c4c1f450c38,2026-07-25 13:41:40,ACC12097866,Maria Novak,PL,ACC10969588,Marek Novak,IR,8169.89,GBP,CASH,DEPOSIT,CARDS
9b20935b-f653-4ebd-918b-c66c12b4b3fb,2026-07-25 07:05:23,ACC24012339,Anna Rossi,AE,ACC55026244,John Muller,GB,2848.76,USD,WIRE,TRANSFER,CORE_BANKING
595e68c5-4eb5-4faf-af60-4d7ca15267aa,2026-07-25 07:44:46,ACC78495121,Piotr Kowalski,DE,ACC81684250,Nina Novak,GB,6152.47,EUR,CASH,DEPOSIT,CORE_BANKING
7c49f41f-013b-4c20-a273-889a079bc46e,2026-07-25 10:16:31,ACC67572954,Elena Lopez,DE,ACC78617449,Marek Muller,GB,5112.54,EUR,MOBILE,DEPOSIT,CORE_BANKING
6e1d2c2d-decf-41b7-bb50-8d9cbe6dbd71,2026-07-25 20:49:02,ACC80166008,Marek Novak,US,ACC50926285,Sofia Dubois,GB,3054.91,PLN,WIRE,TRANSFER,CORE_BANKING
0773ae81-9e0d-4016-a789-93deedcdc98b,2026-07-25 20:52:12,ACC78303134,Piotr Rossi,CH,ACC74612320,Nina Nowak,DE,1340.29,USD,CARD,TRANSFER,CORE_BANKING
662adb92-946c-419c-8ca8-405bba3446e0,2026-07-25 05:09:10,ACC26852512,Anna Petrov,AE,ACC83665010,Elena Muller,CY,9853.12,EUR,CASH,DEPOSIT,CARDS
8c2af7f1-9f34-46b8-a98d-ec870625ffc7,2026-07-25 03:42:12,ACC32645646,Anna Rossi,NL,ACC55450370,Elena Lopez,CH,7790.21,EUR,CARD,WITHDRAWAL,MOBILE_APP
bf87f99b-b4e3-4d90-bf29-caf6120f69db,2026-07-25 23:51:39,ACC61639439,Anna Nowak,DE,ACC24782157,Elena Novak,GB,3026.15,GBP,WIRE,DEPOSIT,CARDS
abb348be-4d02-4838-8b42-6f30e129f66a,2026-07-25 00:45:58,ACC33855089,Lukas Lopez,NL,ACC19321974,Marek Novak,CH,3270.48,USD,CASH,DEPOSIT,CARDS
6b5bd97f-03b4-4892-96dd-be1efb6b918a,2026-07-25 17:48:42,ACC39050434,Nina Nowak,LU,ACC47469681,John Silva,IR,9055.85,USD,CARD,WITHDRAWAL,CARDS
e337ab95-eae4-462f-bb3f-1c9b1910defa,2026-07-25 13:25:10,ACC74630252,Anna Petrov,IR,ACC80653292,Piotr Nowak,CY,1205.96,EUR,WIRE,TRANSFER,CARDS
18d80222-e881-4ee3-96de-9b769316f95a,2026-07-25 18:41:54,ACC98256603,Marek Petrov,CH,ACC86176717,Piotr Kowalski,IR,7494.57,GBP,CARD,DEPOSIT,MOBILE_APP
0aa9b3f5-4b63-45a5-9a9c-94ad08646001,2026-07-25 21:10:30,ACC94254420,Ivan Lopez,NL,ACC57021454,Piotr Dubois,RU,5947.46,USD,CASH,DEPOSIT,MOBILE_APP
d8d064f7-584c-4c3c-a2f9-31a096f8762e,2026-07-25 05:51:56,ACC33981630,Amara Haidari,IR,ACC25731275,Sofia Rossi,LU,3150.95,EUR,CARD,DEPOSIT,MOBILE_APP
86eeb310-4a55-4e0d-b05f-0634a8419f2f,2026-07-25 10:12:27,ACC44578317,Maria Novak,RU,ACC28220919,Ivan Nowak,FR,2329.54,GBP,CARD,DEPOSIT,MOBILE_APP
3ac4131a-f917-4cb6-8a4e-b853425247f5,2026-07-25 15:25:31,ACC46484083,Anna Schmidt,CH,ACC26795114,Elena Silva,AE,9781.6,EUR,CARD,WITHDRAWAL,CORE_BANKING
b91ebece-0cc9-48b5-a329-4b87cc99c2a7,2026-07-25 03:34:41,ACC88406887,Lukas Nowak,RU,ACC42453439,Nina Muller,CY,2696.0,GBP,CARD,WITHDRAWAL,MOBILE_APP
a712b0ef-2fbe-4ef7-b1cf-1b17579972a1,2026-07-25 11:34:40,ACC62286305,Marek Rossi,IR,ACC81361168,Ivan Lopez,CH,9939.43,PLN,CARD,WITHDRAWAL,CORE_BANKING
261e0d43-c730-43ef-aa94-6060db46a534,2026-07-25 16:57:46,ACC28241849,Maria Rossi,IR,ACC48691113,Ivan Kowalski,FR,1176.11,GBP,CASH,TRANSFER,CARDS
1c1c3e60-07c3-43fc-91d3-7deb4fbcdd1d,2026-07-25 03:40:25,ACC76266658,Piotr Muller,NL,ACC84736526,John Kowalski,US,8335.7,GBP,MOBILE,DEPOSIT,CORE_BANKING
877840c8-c27d-4552-b68b-c060dc9ef96b,2026-07-25 13:34:38,ACC31823481,Ivan Dubois,FR,ACC13345404,Lukas Nowak,DE,4719.54,PLN,MOBILE,TRANSFER,CORE_BANKING
46b5a919-7ce2-4642-a3b4-31bcc1dfbb92,2026-07-25 17:54:10,ACC36933352,Nina Silva,DE,ACC96635285,Maria Novak,DE,10284.34,PLN,CARD,DEPOSIT,MOBILE_APP
5150f937-9123-4aca-a9ed-509ecf5adf4a,2026-07-25 06:55:27,ACC10978481,Lukas Schmidt,IR,ACC56313253,Elena Schmidt,RU,9566.09,EUR,CASH,TRANSFER,MOBILE_APP
75f73f26-9e00-4888-b45c-e33dd993a47f,2026-07-25 01:50:13,ACC17220897,Anna Silva,CH,ACC34022690,Nina Lopez,RU,1130.11,PLN,MOBILE,WITHDRAWAL,CARDS
5b695399-ed25-4aba-8c30-d5dba903e558,2026-07-25 10:58:46,ACC48521233,Sofia Novak,GB,ACC77008305,Sofia Dubois,IR,6567.47,EUR,WIRE,TRANSFER,MOBILE_APP
82c7ec00-752d-44e9-adbf-425e7e88cb95,2026-07-25 04:34:15,ACC19629584,John Petrov,IR,ACC75323947,Lukas Petrov,FR,1427.23,USD,CASH,WITHDRAWAL,MOBILE_APP
245a051a-5b9f-46b5-b392-9a645c18d1b6,2026-07-25 10:19:33,ACC51876858,Maria Muller,CY,ACC64664494,Piotr Silva,NL,4808.79,EUR,CASH,DEPOSIT,CARDS
c5ba63ea-7501-4beb-a38a-3898cd51946e,2026-07-25 21:05:51,ACC89426243,Marek Lopez,PL,ACC66072388,John Kowalski,LU,2350.82,EUR,CASH,DEPOSIT,CARDS
f45b994e-c050-4f8b-b2af-bf85fcb5a82a,2026-07-25 17:26:58,ACC23153230,Maria Nowak,NL,ACC21152355,Ivan Kowalski,IR,8505.83,PLN,CARD,TRANSFER,CARDS
02332438-f0bb-4ed4-9a1f-fbd82d88a803,2026-07-25 03:20:53,ACC87603784,Anna Lopez,US,ACC46690420,Anna Lopez,CY,7541.57,PLN,CASH,TRANSFER,CARDS
076724a6-6ca6-49fa-b237-29aaf9c29d0d,2026-07-25 14:31:34.508697,ACC39763482,Piotr Muller,CH,ACC44960996,John Dubois,FR,9901.23,EUR,WIRE,TRANSFER,CORE_BANKING
eb3f89d4-8931-467a-a9ab-c3623a97940f,2026-07-25 07:23:46,ACC45729141,Piotr Nowak,CH,ACC27475058,Lukas Muller,AE,2016.9,USD,MOBILE,DEPOSIT,MOBILE_APP
6dfeb403-8def-48c5-9d2c-0bf906d001d7,2026-07-25 01:14:21,ACC22340150,John Lopez,RU,ACC39101720,Nina Novak,IR,268.38,EUR,WIRE,DEPOSIT,CORE_BANKING
65bd8bb0-59ad-40a7-b6f3-841415f1583b,2026-07-25 02:21:16,ACC60601468,Lukas Schmidt,CH,ACC41322048,Elena Dubois,FR,6768.98,GBP,WIRE,TRANSFER,CORE_BANKING
ccd2ee05-8ef2-4cae-a739-844be8a7daa9,2026-07-25 06:15:21,ACC65144861,Lukas Petrov,FR,ACC27332564,Ivan Silva,LU,3444.57,EUR,CASH,TRANSFER,CORE_BANKING
a9b4e71b-8772-474d-9173-de0fc1e7dbe0,2026-07-25 04:53:47,ACC62221499,Maria Novak,AE,ACC75841004,Ivan Schmidt,AE,3294.58,PLN,CASH,DEPOSIT,CORE_BANKING
2a65b303-3de6-4aa0-ad8b-34a63aa97556,2026-07-25 10:43:23,ACC78825641,Ivan Novak,GB,ACC40566959,Anna Novak,FR,8850.48,GBP,WIRE,DEPOSIT,CORE_BANKING
21d3c3f8-16a0-4242-9efd-b03c4ed417c4,2026-07-25 09:37:48,ACC65662309,Elena Kowalski,CH,ACC14385512,John Kowalski,DE,3241.52,GBP,MOBILE,WITHDRAWAL,CORE_BANKING
f09e6b72-a4db-488c-ac83-227409e63f55,2026-07-25 04:07:21,ACC43522920,Ivan Novak,GB,ACC50154990,Maria Dubois,GB,3561.81,USD,WIRE,DEPOSIT,MOBILE_APP
b8068b96-77ee-48cb-92ec-f8be056c4ad6,2026-07-25 01:39:47,ACC22510559,Piotr Kowalski,US,ACC47903378,Lukas Schmidt,NL,523.55,GBP,CASH,DEPOSIT,CARDS
6cb01558-e937-4faa-b2cd-f78b191605be,2026-07-25 15:47:52,ACC74291216,Anna Nowak,DE,ACC71658297,Marek Petrov,NL,3883.35,PLN,CARD,DEPOSIT,CARDS
8b6b2cc0-7c43-4134-a7a8-24259f6896e8,2026-07-25 03:17:34,ACC25189633,Marek Lopez,IR,ACC83337520,Marek Silva,CH,7593.34,GBP,CASH,TRANSFER,CORE_BANKING
68c83ec6-ed0e-4af9-841e-5cc8299642e8,2026-07-25 13:41:17,ACC96960449,Nina Petrov,FR,ACC34731360,Piotr Dubois,LU,6899.02,EUR,CASH,WITHDRAWAL,CARDS
8362951a-cc65-4c8a-b028-0afa1c3bf3c9,2026-07-25 04:07:40,ACC71582256,Lukas Rossi,DE,ACC84189328,Nina Petrov,CY,9728.14,PLN,CASH,WITHDRAWAL,MOBILE_APP
037bff80-0b64-4ca9-af1e-d09c77227119,2026-07-25 04:40:03,ACC56825449,Nina Kowalski,RU,ACC55802675,Lukas Novak,CH,8791.07,GBP,MOBILE,WITHDRAWAL,CARDS
626ff68b-5273-4945-83e6-5bec1acee377,2026-07-25 21:53:35,ACC33781587,John Novak,LU,ACC59725069,Elena Nowak,PL,3771.48,USD,WIRE,WITHDRAWAL,MOBILE_APP
a24f1987-23fa-4f7c-963d-7421148199e8,2026-07-25 23:20:18,ACC98589123,Anna Silva,IR,ACC51382580,Maria Kowalski,AE,6963.42,EUR,WIRE,WITHDRAWAL,CORE_BANKING
b3b2a427-13bd-40f0-bdc1-8dbaad26c729,2026-07-25 10:47:57,ACC60432035,Elena Kowalski,NL,ACC90272292,Maria Rossi,DE,2137.08,GBP,MOBILE,DEPOSIT,CORE_BANKING
677dd41d-769b-4a0a-b455-28a14e813f6b,2026-07-25 07:33:00,ACC72031070,John Novak,RU,ACC71995701,Lukas Rossi,IR,5323.56,PLN,CARD,WITHDRAWAL,CORE_BANKING
a7b228be-2e2e-4f23-8011-12fde09ba37e,2026-07-25 05:23:36,ACC47279846,Marek Dubois,PL,ACC96223229,Elena Muller,CY,9892.64,EUR,WIRE,DEPOSIT,CARDS
7d8567e7-c40c-4c20-87d9-64dc34ba9bad,2026-07-25 07:13:33,ACC48238599,John Petrov,CH,ACC66513148,Sofia Kowalski,DE,1179.78,USD,CASH,DEPOSIT,CARDS
a1f4b257-f2c4-42bd-8b35-341e6343ca57,2026-07-25 06:19:29,ACC52698007,Ivan Petrov,CH,ACC41000202,Anna Petrov,CY,4244.69,EUR,CASH,DEPOSIT,CARDS
bb536bcd-bb75-4d05-b87b-ec82bae11537,2026-07-25 09:15:15,ACC29225877,Ivan Muller,FR,ACC94499213,Piotr Muller,IR,7109.99,GBP,CARD,WITHDRAWAL,CORE_BANKING
7d857205-9d25-49ee-8360-bb02416ac262,2026-07-25 19:18:09,ACC69761289,Maria Dubois,AE,ACC27710599,Piotr Petrov,GB,8843.19,USD,CASH,WITHDRAWAL,CARDS
aa2d7c17-17c3-40b0-9fec-f1a2fa3af101,2026-07-25 01:21:41,ACC22429114,Maria Schmidt,PL,ACC74781956,Ivan Petrov,NL,8171.24,GBP,CASH,DEPOSIT,MOBILE_APP
6d2e277a-2c35-4de4-98d0-9458872e13e3,2026-07-25 06:21:40,ACC77575794,John Novak,US,ACC67796900,Anna Lopez,NL,8696.9,EUR,CARD,WITHDRAWAL,CARDS
159476f2-6a0a-4452-9ac6-905e7d38fcee,2026-07-25 17:38:12,ACC68500818,Marek Muller,AE,ACC71067841,Marek Silva,US,589.48,USD,CASH,DEPOSIT,CORE_BANKING
1f17cd20-118a-48df-b587-6c36ac03dd80,2026-07-25 02:39:16,ACC93156815,Maria Novak,RU,ACC69922335,Nina Novak,FR,8149.85,EUR,WIRE,WITHDRAWAL,CARDS
413801fa-45d0-4e27-b27f-e0ff3703d670,2026-07-25 12:17:05,ACC73541573,Sofia Silva,CH,ACC19639949,Ivan Dubois,GB,4447.14,USD,CASH,TRANSFER,CORE_BANKING
aaebf064-3910-468b-b97b-d66c63192eb7,2026-07-25 07:38:28,ACC79232906,Nina Schmidt,LU,ACC71928212,Sofia Novak,US,4992.11,USD,CASH,DEPOSIT,CARDS
ced6408f-61e3-4836-9412-ee3c94ddb312,2026-07-25 16:23:17,ACC60511038,Maria Nowak,PL,ACC14410367,Marek Schmidt,RU,3316.58,GBP,CARD,WITHDRAWAL,CARDS
a0c91c64-b715-413a-b0e6-9fc58dc68324,2026-07-25 08:56:11,ACC81088456,Lukas Muller,DE,ACC67555628,Lukas Silva,LU,1608.89,GBP,WIRE,WITHDRAWAL,CORE_BANKING
f68987bc-2907-4166-94bd-8910f004cbca,2026-07-25 14:09:05.465797,ACC84209721,Marek Rossi,FR,ACC86744869,Lukas Kowalski,IR,9750.63,EUR,WIRE,TRANSFER,CORE_BANKING
05e86df8-e3c9-4afd-ab6f-7f4b64d64a63,2026-07-25 11:46:31,ACC87897778,John Dubois,LU,ACC97863486,Marek Lopez,DE,7903.75,PLN,CASH,WITHDRAWAL,CORE_BANKING
6f723d45-5e2a-4b76-8db3-0e9c1c129452,2026-07-25 22:55:57,ACC68535809,Anna Nowak,CH,ACC80298247,Ivan Kowalski,DE,7537.58,GBP,CARD,WITHDRAWAL,CORE_BANKING
2d2c7a62-86d3-41bb-8d4b-0cbe10773aa7,2026-07-25 18:35:32,ACC22681476,Maria Lopez,GB,ACC57708716,Piotr Lopez,FR,4473.09,EUR,WIRE,DEPOSIT,MOBILE_APP
93df35d1-715b-4859-9473-1add575578d1,2026-07-25 10:41:17,ACC75800289,Ivan Dubois,CY,ACC56119311,Ivan Schmidt,PL,6958.74,EUR,CASH,TRANSFER,CARDS
db244595-2734-466c-a29a-52a423e910ee,2026-07-25 18:48:01,ACC97131540,Marek Lopez,RU,ACC65071708,Sofia Nowak,LU,7498.15,USD,MOBILE,TRANSFER,MOBILE_APP
429abc68-37fd-4622-94ae-923faaae4077,2026-07-25 04:18:32,ACC21382241,John Lopez,DE,ACC33899852,Lukas Schmidt,US,3797.97,USD,CASH,TRANSFER,MOBILE_APP
5175128c-2da8-490a-b622-7c08d89cc913,2026-07-25 10:55:57,ACC65064200,Sofia Novak,RU,ACC37321097,Lukas Dubois,GB,8866.4,USD,MOBILE,DEPOSIT,MOBILE_APP
742f8413-2380-4699-95ae-ae24cb787926,2026-07-25 18:45:50,ACC83492593,Marek Kowalski,RU,ACC79286427,Marek Lopez,LU,4769.84,USD,CASH,WITHDRAWAL,MOBILE_APP
e96869d7-1e43-4776-afbd-3e679d8d32d9,2026-07-25 03:53:42,ACC97167893,Anna Dubois,CY,ACC71870997,Lukas Lopez,CH,3435.11,USD,CARD,DEPOSIT,CORE_BANKING
ac63a3dc-9926-4187-abfe-9f5c7dd21471,2026-07-25 12:25:39,ACC35124449,Elena Petrov,FR,ACC91074604,Piotr Novak,CH,10151.22,EUR,WIRE,WITHDRAWAL,CORE_BANKING
9a426280-15fb-45e9-8161-cb68b7eebb59,2026-07-25 23:59:46,ACC86318249,Anna Silva,IR,ACC15860545,Elena Petrov,GB,1942.5,GBP,WIRE,DEPOSIT,MOBILE_APP
55194849-794d-42d9-9fc6-3b1a755e91f9,2026-07-25 20:29:34,ACC31896876,Piotr Rossi,LU,ACC30738427,Elena Kowalski,CY,9372.25,GBP,WIRE,TRANSFER,CORE_BANKING
bcdcd3ad-5643-4771-b4de-2cf38602b5cd,2026-07-25 07:15:45,ACC18653222,Sofia Rossi,AE,ACC75269412,Elena Nowak,FR,4227.93,GBP,CASH,TRANSFER,MOBILE_APP
1ee25d37-79b9-4c7c-a02e-83f51aa8f054,2026-07-25 05:05:04,ACC47508257,Lukas Muller,AE,ACC77755826,Sofia Rossi,RU,7618.77,GBP,CASH,WITHDRAWAL,CORE_BANKING
0099e593-b7c8-4a24-93ac-b801e07f4423,2026-07-25 20:05:23,ACC55729171,Marek Kowalski,PL,ACC82468532,Nina Dubois,NL,3292.41,GBP,CASH,DEPOSIT,CORE_BANKING
07f3ef83-e191-4052-8d6a-6d2562d7d67e,2026-07-25 17:15:54,ACC37111862,Ivan Petrov,PL,ACC27157313,Elena Silva,CY,10391.48,GBP,MOBILE,WITHDRAWAL,CARDS
15e96ec8-8f47-4bb9-aae5-8ee5729b4ee5,2026-07-25 10:46:09,ACC22177508,John Nowak,RU,ACC50914476,Marek Nowak,AE,2525.37,EUR,CASH,WITHDRAWAL,CORE_BANKING
0006ade7-f0c7-4c66-a75f-d7c41a9bddcc,2026-07-25 13:08:18,ACC28703143,Piotr Nowak,DE,ACC84021128,Lukas Muller,NL,8914.92,USD,WIRE,DEPOSIT,CORE_BANKING
e2b064f2-aba7-424b-8832-0a2914f09bda,2026-07-25 01:06:06,ACC25151444,Sofia Nowak,LU,ACC32924595,Piotr Rossi,AE,705.03,USD,WIRE,WITHDRAWAL,MOBILE_APP
0f5f2752-47d9-48cd-adb5-e2b392432502,2026-07-25 06:31:40,ACC75987927,Anna Silva,LU,ACC80150556,Anna Novak,DE,154.0,PLN,CASH,DEPOSIT,MOBILE_APP
fbfd17bc-7341-4467-92c7-f84515b869b9,2026-07-25 23:33:37,ACC40696566,Anna Nowak,NL,ACC45135941,Marek Kowalski,CH,6433.79,PLN,MOBILE,TRANSFER,CORE_BANKING
d0036aeb-3427-4ab0-9c34-68cca9f0e7be,2026-07-25 10:18:42,ACC91339346,Maria Novak,US,ACC28341704,Maria Muller,DE,3951.54,USD,WIRE,TRANSFER,MOBILE_APP
6e58505c-7295-49d8-bc4c-4fbc59e79300,2026-07-25 12:37:13,ACC64198613,Lukas Lopez,RU,ACC11595945,Maria Schmidt,DE,8227.18,PLN,CARD,TRANSFER,MOBILE_APP
19fbba77-da18-4c47-a554-8e0c6103b491,2026-07-25 04:25:37,ACC81934552,Amara Haidari,IR,ACC30447536,Elena Rossi,FR,6372.04,USD,WIRE,WITHDRAWAL,CORE_BANKING
a8d4b3f2-5c67-40f9-8482-bbc37caf5870,2026-07-25 04:37:12,ACC95875952,Piotr Schmidt,LU,ACC65301908,Elena Petrov,AE,2180.56,EUR,CARD,DEPOSIT,CARDS
422667b9-afd2-47b2-a40f-115343d58114,2026-07-25 07:04:46,ACC90956358,Nina Schmidt,PL,ACC99491869,Sofia Silva,DE,5160.08,PLN,MOBILE,WITHDRAWAL,CARDS
7b8c9470-4d91-4330-b849-c2b8192787e1,2026-07-25 16:27:35,ACC63136795,Elena Dubois,CH,ACC60611218,Nina Petrov,US,9066.0,GBP,WIRE,TRANSFER,CORE_BANKING
ae554e5c-8850-4760-9e37-b5317f377fdb,2026-07-25 05:25:27,ACC53649791,Anna Lopez,RU,ACC93696762,Lukas Silva,NL,9099.3,PLN,MOBILE,DEPOSIT,CORE_BANKING
e0a140b2-1b26-47c0-a86b-3379192a5e7f,2026-07-25 11:33:11,ACC68106835,Marek Dubois,FR,ACC52046335,John Petrov,LU,7463.48,GBP,MOBILE,WITHDRAWAL,CARDS
60d127e8-6584-403a-897e-a4ef52f7d078,2026-07-25 00:15:47,ACC15618266,Anna Muller,CY,ACC10974683,Lukas Lopez,CY,6992.58,GBP,CASH,WITHDRAWAL,CARDS
3cd2adea-687f-4ab6-840f-c43ad8b1039a,2026-07-25 05:40:13,ACC29530531,Elena Rossi,AE,ACC14204135,Nina Silva,PL,9960.63,GBP,CASH,WITHDRAWAL,CORE_BANKING
bdaea95e-f2d3-4757-afc2-deda7f2d5343,2026-07-25 11:31:05,ACC68200448,Lukas Kowalski,AE,ACC43218577,Anna Dubois,FR,10420.87,EUR,CASH,TRANSFER,CARDS
89f314d1-07a4-4daf-b669-ad69f41fc404,2026-07-25 12:20:53,ACC94088862,Ivan Petrov,AE,ACC91294213,Lukas Petrov,AE,10328.32,EUR,MOBILE,DEPOSIT,CARDS
8a0249fa-f9d4-4185-a844-edfb904560d4,2026-07-25 15:13:37,ACC56113991,Elena Dubois,AE,ACC31043745,Nina Petrov,AE,1814.19,USD,WIRE,WITHDRAWAL,MOBILE_APP
3ce09240-2317-41dc-bb71-8a652b3c6afb,2026-07-25 15:03:52,ACC38058347,Nina Kowalski,FR,ACC86687590,Ivan Novak,LU,5518.29,GBP,CASH,DEPOSIT,CARDS
6d6b7994-8a33-4e29-9eb1-d28cb8ecd73b,2026-07-25 07:12:51,ACC81603135,Anna Nowak,AE,ACC27689263,Anna Nowak,FR,7491.18,PLN,MOBILE,DEPOSIT,MOBILE_APP
6c12f85e-b5a3-4693-b12d-ee3eabe09821,2026-07-25 11:45:12,ACC60860378,Anna Silva,CY,ACC18714202,Piotr Nowak,DE,3882.61,EUR,MOBILE,WITHDRAWAL,MOBILE_APP
4e112d86-9494-4c65-a038-32c12641f9e7,2026-07-25 21:28:03,ACC50958413,Piotr Muller,DE,ACC75604774,John Novak,CY,4440.01,GBP,WIRE,TRANSFER,CARDS
999ed2c6-ce4e-46be-9d46-66dd55fb8d10,2026-07-25 02:22:03,ACC18321798,Maria Kowalski,GB,ACC91971952,Lukas Novak,FR,8222.13,EUR,WIRE,WITHDRAWAL,CARDS
3e6991b0-b6d6-40bd-bec3-72aada915ad5,2026-07-25 14:38:12,ACC87304983,Ivan Petrov,US,ACC38619492,John Lopez,DE,3417.98,GBP,WIRE,TRANSFER,CARDS
d019a42b-ecc5-45b1-89c7-bc040e5d762a,2026-07-25 09:27:14,ACC93650413,Sofia Petrov,AE,ACC85515502,Maria Schmidt,IR,5526.1,PLN,CASH,TRANSFER,MOBILE_APP
df3d89c0-ccc6-4656-9886-b2780a9eede2,2026-07-25 10:05:58,ACC93525402,Lukas Novak,CY,ACC44221141,Piotr Silva,RU,1366.6,USD,CASH,WITHDRAWAL,CORE_BANKING
0532a46b-875f-46e5-b149-6a4f0c3ad52c,2026-07-25 20:41:13,ACC90933663,Nina Lopez,CH,ACC61179711,Elena Silva,FR,6620.72,PLN,CARD,WITHDRAWAL,CORE_BANKING
dbd48670-73aa-438a-964a-bc27264e4529,2026-07-25 01:32:39,ACC42980201,Ivan Schmidt,CH,ACC15268263,Ivan Silva,CY,9219.13,EUR,CARD,WITHDRAWAL,CARDS
41efd644-541f-4124-b152-028e662024a3,2026-07-25 07:21:15,ACC28311409,John Dubois,GB,ACC98405286,Ivan Petrov,RU,1690.08,EUR,CASH,TRANSFER,CORE_BANKING
9da1a201-68d6-4947-8dc0-5284fd59dd0e,2026-07-25 05:59:25,ACC66250794,Maria Nowak,CY,ACC31567333,Lukas Rossi,IR,2101.38,PLN,WIRE,DEPOSIT,MOBILE_APP
5dd9237e-1c17-4740-ae8d-87aefeb9859c,2026-07-25 10:51:02,ACC52955238,Marek Silva,US,ACC44619354,Lukas Novak,PL,4106.57,USD,CARD,DEPOSIT,MOBILE_APP
1eb1b4d2-c942-4e28-9e3e-f143cf14abf7,2026-07-25 19:53:04,ACC54463735,Piotr Nowak,GB,ACC87004412,Marek Lopez,IR,10244.3,PLN,MOBILE,DEPOSIT,CORE_BANKING
9940c0bc-57df-466b-861f-fa9965a7012a,2026-07-25 09:18:16,ACC30700047,Piotr Silva,RU,ACC32708438,John Lopez,US,8071.83,USD,WIRE,DEPOSIT,CORE_BANKING
cba4c2cc-bbf8-40ab-8b33-e55a8fecc761,2026-07-25 07:59:08,ACC41567079,Sofia Kowalski,NL,ACC12302458,Sofia Schmidt,LU,7388.42,USD,WIRE,TRANSFER,CARDS
9f30f838-3e06-415c-b0c4-18ff886b588d,2026-07-25 12:22:21,ACC67139083,Lukas Schmidt,GB,ACC53765651,Nina Kowalski,AE,2383.14,EUR,CARD,TRANSFER,CARDS
0b7be5ab-6529-4923-9a23-43c941c7e6a0,2026-07-25 02:54:47,ACC58262270,Lukas Silva,DE,ACC73178094,Maria Silva,CY,9986.62,PLN,CARD,WITHDRAWAL,CORE_BANKING
a18e16f5-0894-4b9b-9063-8894950968b0,2026-07-25 11:17:59,ACC29232735,Anna Schmidt,RU,ACC27812995,Elena Kowalski,LU,8147.59,PLN,WIRE,TRANSFER,CARDS
e6a07603-f1cf-4383-a872-d1d2b4046e2e,2026-07-25 22:57:42,ACC99753695,Anna Schmidt,AE,ACC51943002,Nina Kowalski,US,7792.87,EUR,CASH,WITHDRAWAL,MOBILE_APP
184dd86e-c085-4f9d-aae4-98d53ae2a06b,2026-07-25 03:52:06,ACC44761889,Anna Kowalski,FR,ACC19450582,Nina Dubois,LU,9584.14,EUR,CASH,TRANSFER,MOBILE_APP
3a23b066-9f5d-4baa-9d2e-52b2ea1e6dba,2026-07-25 06:23:53,ACC51144384,Nina Nowak,FR,ACC80995825,Sofia Lopez,GB,5537.47,GBP,WIRE,TRANSFER,CORE_BANKING
3c7905fc-eda6-44dd-991d-3ad4a8873055,2026-07-25 10:38:09,ACC77900294,Maria Novak,DE,ACC96851348,Sofia Rossi,DE,7441.55,EUR,CARD,WITHDRAWAL,CARDS
b2d78c26-d346-4a12-bec7-701c8c08defe,2026-07-25 15:43:15,ACC76532158,Nina Lopez,IR,ACC84397493,Piotr Kowalski,LU,10285.02,PLN,CASH,DEPOSIT,MOBILE_APP
a9e671e6-7d6a-46f6-80d7-557ed90f9e5b,2026-07-25 02:22:06,ACC86491124,Elena Schmidt,IR,ACC46819677,Elena Kowalski,IR,1355.48,GBP,CASH,TRANSFER,CARDS
e8203a98-aadb-4d23-bd95-455a0dddd4f0,2026-07-25 14:45:31,ACC59716992,Maria Kowalski,RU,ACC19489004,Lukas Rossi,CY,1958.23,EUR,MOBILE,WITHDRAWAL,CARDS
95e65724-a0b8-49d1-8842-088f9ad38cbf,2026-07-25 10:18:48,ACC32988138,Anna Dubois,AE,ACC55464764,Ivan Nowak,PL,6036.39,USD,WIRE,WITHDRAWAL,MOBILE_APP
4c5ee79e-b2eb-4b27-a59d-f5c21ab7cf62,2026-07-25 19:39:02,ACC72306017,Elena Dubois,PL,ACC36000523,Anna Petrov,RU,5339.03,PLN,CASH,TRANSFER,CORE_BANKING
ca4816a9-b4c4-4b11-a38b-13519351acfd,2026-07-25 02:27:13.271263,ACC39763482,Piotr Muller,DE,ACC47911547,Piotr Petrov,FR,9258.04,EUR,WIRE,TRANSFER,CORE_BANKING
94200dd8-68ce-43e8-a69b-651e9c672b6d,2026-07-25 15:34:43,ACC38693064,Anna Rossi,US,ACC33303091,John Silva,RU,1286.03,GBP,WIRE,WITHDRAWAL,CORE_BANKING
0bdb89b2-d7b2-4823-b858-88b3964144df,2026-07-25 06:44:24,ACC24404851,Marek Rossi,CH,ACC66920644,Elena Schmidt,NL,4627.7,PLN,WIRE,WITHDRAWAL,CORE_BANKING
ad50216f-74be-4501-b5f0-cbb714be9edc,2026-07-25 08:28:23,ACC35978571,John Novak,PL,ACC72395893,Anna Muller,AE,7445.99,PLN,CASH,TRANSFER,CARDS
2f87612e-1047-4475-a73c-7d738881c9bd,2026-07-25 04:42:56,ACC23070100,Sofia Silva,IR,ACC77589149,Anna Schmidt,DE,7383.84,EUR,CASH,WITHDRAWAL,MOBILE_APP
a7f84995-ed33-4c56-a542-af3434b29b88,2026-07-25 10:59:36,ACC77388734,Anna Nowak,RU,ACC71202946,Lukas Silva,US,9416.94,GBP,CASH,DEPOSIT,CARDS
14860a18-844f-4744-b7c1-4f08a027afb8,2026-07-25 13:09:27,ACC89042306,Ivan Lopez,US,ACC41977671,Piotr Muller,AE,7805.93,PLN,WIRE,TRANSFER,CORE_BANKING
8f769214-ecea-44c0-b2ce-c246dfd56156,2026-07-25 16:42:12,ACC98310124,Piotr Lopez,US,ACC15897385,Anna Muller,CH,2326.61,GBP,CASH,TRANSFER,MOBILE_APP
18f4eda7-d9d6-4d63-9f78-ed3c7e88d146,2026-07-25 07:17:43,ACC37012825,Anna Rossi,NL,ACC99638670,Maria Nowak,AE,6733.01,GBP,MOBILE,DEPOSIT,CARDS
e7a2217e-cff4-415c-81da-6723de9b74cb,2026-07-25 06:53:40,ACC64831176,Marek Kowalski,GB,ACC45138129,Elena Lopez,LU,4404.11,USD,MOBILE,DEPOSIT,MOBILE_APP
4b2ade3b-888a-4063-8955-d2a8d80fed33,2026-07-25 04:08:10,ACC64544291,Piotr Schmidt,IR,ACC10493503,Maria Petrov,RU,8320.34,PLN,WIRE,TRANSFER,CORE_BANKING
4cc7efd6-6370-4989-b021-770de5dc74d0,2026-07-25 23:15:35,ACC53067834,Elena Muller,GB,ACC47131272,Ivan Rossi,LU,9369.58,EUR,MOBILE,TRANSFER,CORE_BANKING
7c0b38ea-8e94-4336-bc0a-ae76c283d3dc,2026-07-25 22:13:24,ACC30454970,Nina Nowak,FR,ACC12005448,Marek Dubois,CY,6380.07,EUR,CASH,TRANSFER,CARDS
916fa7bf-1bb6-4873-b4a5-75be482fa4f3,2026-07-25 09:58:15,ACC29623857,Lukas Kowalski,AE,ACC36795696,Anna Kowalski,CH,10399.38,PLN,MOBILE,DEPOSIT,MOBILE_APP
ac5bc905-dda0-40af-829c-6d8ddb62f72f,2026-07-25 22:00:23,ACC93650995,Marek Nowak,CY,ACC66925051,Ivan Nowak,CH,9769.66,GBP,CARD,TRANSFER,CARDS
7b15ac48-a9ab-4c7b-bb2d-6b61a94be131,2026-07-25 20:49:57,ACC42458022,Ivan Silva,NL,ACC92714079,Lukas Kowalski,AE,10424.85,PLN,CARD,DEPOSIT,CARDS
69db5f44-0d6b-444e-a226-c07e2cebb569,2026-07-25 22:15:49,ACC75485030,Elena Kowalski,CY,ACC12552775,Lukas Lopez,US,9821.74,EUR,MOBILE,DEPOSIT,CARDS
d7c99f41-15f9-4bec-85be-d72a3b9b82f8,2026-07-25 21:44:24,ACC51489399,Elena Schmidt,NL,ACC95683115,John Muller,GB,135.04,EUR,WIRE,DEPOSIT,CARDS
6c2e7c4e-427a-4d97-afd4-08b1e3c735d3,2026-07-25 05:33:34,ACC38268009,Elena Kowalski,DE,ACC75431766,Lukas Dubois,RU,8696.23,USD,WIRE,DEPOSIT,CARDS
7e3df336-6b0c-4da4-80f5-fa4cc96fffad,2026-07-25 20:16:47,ACC54676053,Elena Nowak,US,ACC91386202,Nina Kowalski,PL,635.72,GBP,CASH,WITHDRAWAL,CARDS
413332ae-fd23-4028-9246-9e8f9675d1ce,2026-07-25 16:55:02,ACC93312959,Piotr Petrov,PL,ACC18076555,Maria Dubois,AE,10092.48,GBP,CASH,WITHDRAWAL,MOBILE_APP
28c0db2a-e5b7-437c-a9f6-4a05d9d0fbad,2026-07-25 08:39:48,ACC95573823,Marek Muller,AE,ACC56315279,John Dubois,FR,6943.79,EUR,CARD,WITHDRAWAL,CARDS
2d20c8be-5bfc-4ad4-9544-2021c7df3677,2026-07-25 17:08:11,ACC92528662,Anna Petrov,CY,ACC62092026,Ivan Rossi,LU,8309.65,PLN,CARD,WITHDRAWAL,MOBILE_APP
cbf945a2-07b1-475a-ba50-ef81ea0205d5,2026-07-25 05:25:58,ACC49124904,Lukas Lopez,AE,ACC70016768,Elena Muller,RU,4767.17,GBP,MOBILE,DEPOSIT,MOBILE_APP
8a8f544b-76b7-43e3-945b-e05f05ec60b2,2026-07-25 17:19:12,ACC69307507,Anna Lopez,AE,ACC10882216,Elena Schmidt,GB,4775.18,USD,WIRE,TRANSFER,CORE_BANKING
0309eea1-44b5-4882-9659-7ec75d5e1514,2026-07-25 00:29:03,ACC74037945,Maria Silva,RU,ACC90783964,Maria Dubois,AE,1819.79,GBP,CASH,WITHDRAWAL,CORE_BANKING
6367ae77-4efd-4c92-8b44-d3bcb8283ff4,2026-07-25 01:09:05,ACC21649801,Maria Muller,US,ACC70653840,Piotr Muller,CY,2865.29,GBP,CARD,TRANSFER,CARDS
359c0a25-3309-4dde-880c-32413552791c,2026-07-25 11:34:36,ACC99438746,Maria Novak,US,ACC12368781,Nina Lopez,LU,10269.67,PLN,CARD,DEPOSIT,MOBILE_APP
084318d5-1694-4842-b033-da2b144eae30,2026-07-25 18:57:51,ACC65686049,Piotr Kowalski,NL,ACC54462343,Sofia Muller,NL,8317.85,EUR,CARD,DEPOSIT,MOBILE_APP
35b2ea01-7b74-48b1-afab-4c8af5d53945,2026-07-25 18:58:18,ACC52346074,Ivan Schmidt,PL,ACC37952515,Nina Rossi,US,3157.12,EUR,CARD,WITHDRAWAL,CORE_BANKING
2e8c075a-968e-41cb-983f-92777fc33db8,2026-07-25 15:54:40,ACC13228867,Ivan Rossi,CH,ACC44517819,Anna Novak,FR,1911.72,USD,MOBILE,TRANSFER,CORE_BANKING
d0ca9038-10a6-4020-ba05-facce60d0c4e,2026-07-25 05:08:32,ACC32555403,Sofia Schmidt,DE,ACC68876111,Elena Lopez,PL,7959.12,USD,WIRE,DEPOSIT,MOBILE_APP
af685de0-7344-4352-87c5-953380e64f71,2026-07-25 23:59:20,ACC79110587,Lukas Muller,PL,ACC95640742,Sofia Kowalski,RU,9136.06,GBP,WIRE,DEPOSIT,CARDS
a56548f4-bddb-4752-a2ed-792f32e301f3,2026-07-25 06:20:43,ACC84424395,Elena Petrov,NL,ACC12884611,Marek Dubois,FR,3581.29,EUR,CARD,WITHDRAWAL,MOBILE_APP
7895810f-bb46-41d7-ab5c-55c46bd8de1e,2026-07-25 14:29:31,ACC48374806,Maria Petrov,CH,ACC49516346,Nina Kowalski,IR,9288.49,USD,CASH,DEPOSIT,CARDS
0e1740e3-1f5e-4e6d-b9d6-831395ebf48a,2026-07-25 02:00:17,ACC14928616,Marek Kowalski,RU,ACC87590290,Nina Dubois,US,6866.34,EUR,WIRE,TRANSFER,CARDS
37ac3e2c-f4eb-4977-ab00-61c79e9a7029,2026-07-25 04:16:06,ACC29203413,Lukas Kowalski,IR,ACC67003442,Sofia Kowalski,IR,10102.3,EUR,WIRE,WITHDRAWAL,MOBILE_APP
2ea65459-d9a6-4575-b100-b24cbedcddf2,2026-07-25 06:29:23,ACC48168910,Nina Lopez,AE,ACC85454146,Marek Nowak,IR,1710.79,GBP,WIRE,TRANSFER,CARDS
17d04ac3-f522-4795-afa8-870e1cd104ab,2026-07-25 00:58:26,ACC61356129,Nina Rossi,DE,ACC50634767,Nina Lopez,FR,10207.32,EUR,CASH,WITHDRAWAL,CORE_BANKING
9b20935b-f653-4ebd-918b-c66c12b4b3fb,2026-07-25 07:05:23,ACC24012339,Anna Rossi,AE,ACC55026244,John Muller,GB,2848.76,USD,WIRE,TRANSFER,CORE_BANKING
95397a6b-d4c1-4a3e-9288-788aa27af0f6,2026-07-25 23:34:43,ACC30813102,Maria Schmidt,RU,ACC96869121,Ivan Novak,GB,7211.76,PLN,CASH,TRANSFER,CARDS
008780b6-62d6-4f3f-b1ea-d72dda2b53fb,2026-07-25 02:23:21,ACC71454824,Anna Novak,CH,ACC33999716,Piotr Novak,FR,1993.95,USD,MOBILE,TRANSFER,MOBILE_APP
7a7160ae-1a94-4444-9a87-f5ced5bc14e5,2026-07-25 10:35:50,ACC11084726,Ivan Lopez,RU,ACC29407935,John Muller,CY,3885.34,EUR,CASH,WITHDRAWAL,CORE_BANKING
b9eacb7a-6c32-4f26-9070-cdd641362a95,2026-07-25 12:17:45,ACC15746469,Lukas Novak,NL,ACC97758252,Ivan Nowak,RU,8275.92,USD,CARD,TRANSFER,CORE_BANKING
ff3be020-720e-4e5e-a70a-34bed65075bf,2026-07-25 10:52:53,ACC24330160,Sofia Nowak,FR,ACC94931806,Maria Muller,DE,7312.85,EUR,CARD,TRANSFER,MOBILE_APP
67feec30-4d20-4a68-a906-b4b948a9610f,2026-07-25 09:20:54,ACC14698329,Anna Novak,CY,ACC50074450,Sofia Schmidt,DE,8943.2,PLN,WIRE,TRANSFER,CARDS
41efd644-541f-4124-b152-028e662024a3,2026-07-25 07:21:15,ACC28311409,John Dubois,GB,ACC98405286,Ivan Petrov,RU,1690.08,EUR,CASH,TRANSFER,CORE_BANKING
f5a5e83e-2df8-450f-97f4-a41eba71861b,2026-07-25 01:36:11,ACC89763928,Anna Rossi,LU,ACC16192775,Anna Schmidt,RU,7220.31,GBP,WIRE,DEPOSIT,CARDS
ea57304e-8c5b-4e7e-b852-fee6d991d2c0,2026-07-25 07:29:18,ACC99226958,Maria Petrov,AE,ACC87187458,Piotr Lopez,NL,3266.26,PLN,MOBILE,TRANSFER,CORE_BANKING
d8ed8e4a-4a50-4f68-beed-8dfc629cc05a,2026-07-25 11:58:21,ACC70604045,Piotr Novak,DE,ACC24000677,Ivan Petrov,PL,5988.52,PLN,WIRE,TRANSFER,CORE_BANKING
e7c41c88-4de5-403b-a7e0-23c8a271f14e,2026-07-25 09:57:46,ACC93610257,Ivan Schmidt,FR,ACC37726346,Ivan Rossi,CY,1219.54,GBP,MOBILE,TRANSFER,MOBILE_APP
279fc55c-ba8d-416f-ad54-91f80ce247f2,2026-07-25 13:40:53,ACC64956876,Piotr Silva,DE,ACC84600071,Maria Lopez,DE,946.94,USD,CARD,WITHDRAWAL,CARDS
64867b59-e581-4fcc-b9d6-7205504481ef,2026-07-25 15:55:43,ACC93265522,Anna Novak,FR,ACC22031000,John Lopez,CH,6665.44,EUR,CASH,DEPOSIT,MOBILE_APP
85b0d001-4285-4978-b7d8-74ecb9032aa8,2026-07-25 05:39:47,ACC11831931,Elena Kowalski,RU,ACC55921387,Lukas Lopez,IR,3626.38,EUR,CASH,WITHDRAWAL,CARDS
d0a7ebb6-4dad-493b-8914-c49c6170ae27,2026-07-25 17:28:15,ACC46147308,Nina Kowalski,US,ACC15885044,Nina Nowak,US,4778.5,USD,CARD,TRANSFER,MOBILE_APP
d95407a4-4e29-4ecd-b6ee-f9055c01148d,2026-07-25 01:34:57,ACC40138350,John Dubois,CH,ACC81458898,Maria Rossi,PL,9282.25,PLN,CARD,WITHDRAWAL,CORE_BANKING
f7174aa4-29a6-4caa-b941-f7f77ebc4836,2026-07-25 11:42:37,ACC71713222,Nina Rossi,PL,ACC27948365,John Lopez,LU,3600.28,EUR,WIRE,DEPOSIT,CORE_BANKING
c19dc5e1-0f2a-47f7-895f-5359b2fe5e2c,2026-07-25 16:10:36,ACC75033340,Lukas Lopez,FR,ACC56752592,Lukas Nowak,RU,2467.69,EUR,CASH,WITHDRAWAL,MOBILE_APP
a384d449-df05-4ce8-8fcf-2a5ba21b266c,2026-07-25 14:46:59,ACC83164605,Elena Petrov,LU,ACC28665507,Elena Schmidt,CH,4018.8,GBP,CASH,TRANSFER,CARDS
deb6c9c7-c3f5-4fe1-9b6a-2c620e7fc495,2026-07-25 06:34:40,ACC34150810,John Schmidt,LU,ACC52184106,Anna Kowalski,DE,9053.8,USD,CARD,TRANSFER,MOBILE_APP
efc7c5d7-dabf-4779-a33f-253deae09fd7,2026-07-25 13:23:20,ACC12828532,Nina Kowalski,IR,ACC98882124,John Muller,GB,8627.91,PLN,MOBILE,DEPOSIT,MOBILE_APP
de89c096-f076-420d-9e38-ca5f312b8a13,2026-07-25 19:03:38,ACC33463164,Anna Rossi,DE,ACC78945564,Sofia Kowalski,CH,9491.81,PLN,CASH,TRANSFER,CARDS
0d810a4d-6254-4d69-b0ba-e6754b10966c,2026-07-25 07:13:45,ACC99652407,Nina Lopez,DE,ACC53450650,Sofia Kowalski,DE,835.44,PLN,CARD,WITHDRAWAL,CARDS
f1ee149a-7bf0-4258-8e1c-c4d2f258d2d2,2026-07-25 01:34:32,ACC99601933,John Novak,FR,ACC90771151,Elena Lopez,NL,714.27,USD,MOBILE,TRANSFER,CORE_BANKING
11424771-e74d-4bbe-af95-7ea82ac3d13e,2026-07-25 19:31:18,ACC86397410,Marek Dubois,FR,ACC90512805,Sofia Silva,RU,8312.4,USD,MOBILE,TRANSFER,MOBILE_APP
625bcbab-d826-4a51-ab7d-97a3243f1e4a,2026-07-25 04:14:38,ACC12332623,Maria Rossi,GB,ACC58663129,Marek Nowak,AE,8601.49,GBP,CARD,DEPOSIT,CARDS
3ee0d886-8936-4a4e-82a2-26d1ebb574bf,2026-07-25 16:12:22,ACC26106179,Anna Novak,FR,ACC75661787,Ivan Muller,PL,3869.55,PLN,MOBILE,DEPOSIT,MOBILE_APP
188758de-9ff6-4d06-9df6-132bcbf9eb19,2026-07-25 12:06:50,ACC23474864,Marek Dubois,CY,ACC18907659,Sofia Silva,AE,7538.21,GBP,CASH,DEPOSIT,CORE_BANKING
3ca1e021-4bb4-43c0-a52d-de2be09f121f,2026-07-25 23:10:22,ACC69066531,Maria Silva,DE,ACC29373816,Ivan Petrov,LU,4457.46,PLN,CARD,DEPOSIT,MOBILE_APP
9d6c3694-a58b-4957-add1-8f8629cd2de9,2026-07-25 02:50:09,ACC87066247,Maria Novak,AE,ACC90003898,Maria Rossi,CY,7768.57,EUR,CASH,TRANSFER,CARDS
f76956f6-3de0-45a6-9863-d3ff00c18930,2026-07-25 02:08:50,ACC35754346,Piotr Silva,LU,ACC94132688,Nina Novak,RU,7879.12,USD,WIRE,WITHDRAWAL,CORE_BANKING
f41d12cd-2eeb-4443-9157-0669eacddc04,2026-07-25 18:10:19,ACC88103795,Nina Dubois,RU,ACC63718703,Sofia Nowak,RU,2938.87,PLN,CASH,DEPOSIT,CARDS
53615ef7-cfb3-4980-84a5-31cdfa47f256,2026-07-25 00:44:48,ACC31869528,Lukas Silva,GB,ACC96861418,Marek Novak,GB,8952.58,PLN,CASH,DEPOSIT,CARDS
4057db12-0bc5-411e-b754-96c422f05e76,2026-07-25 16:49:51,ACC56833660,Maria Nowak,RU,ACC81822020,Maria Novak,FR,7032.7,USD,WIRE,WITHDRAWAL,CARDS
6996e552-6952-4e68-a893-9a394cfb0be9,2026-07-25 04:45:43,ACC35727027,Ivan Silva,IR,ACC60231696,Sofia Lopez,CH,8350.53,USD,WIRE,DEPOSIT,MOBILE_APP
691e3f46-1d78-418b-b905-7301e09b9210,2026-07-25 01:02:49,ACC25917805,Elena Petrov,IR,ACC29107146,Elena Dubois,DE,7821.94,USD,CARD,TRANSFER,CARDS
853a0e72-b85f-48a2-b92e-0958443ec25b,2026-07-25 10:56:13,ACC27151649,Piotr Muller,CY,ACC67409191,Piotr Lopez,PL,1577.4,EUR,WIRE,DEPOSIT,CORE_BANKING
3a4098f4-4a2d-4ae2-8f83-3eaa559edcb4,2026-07-25 03:06:21,ACC61551334,Ivan Lopez,DE,ACC60825385,Ivan Silva,PL,5509.61,USD,MOBILE,DEPOSIT,MOBILE_APP
6c5565ea-9570-4198-97ac-6b47a5686c88,2026-07-25 01:21:43,ACC30339060,Maria Novak,RU,ACC22521287,Elena Muller,RU,3060.45,USD,CARD,DEPOSIT,MOBILE_APP
423fa076-5243-46d8-9e28-3e8527f66d94,2026-07-25 16:31:04,ACC37102854,Maria Novak,GB,ACC53496580,Marek Novak,FR,6206.51,EUR,CASH,DEPOSIT,CARDS
453ea4ec-a440-46bb-a914-efd02cc93b3b,2026-07-25 21:35:18,ACC62179495,Anna Schmidt,RU,ACC51302939,Maria Schmidt,LU,2519.32,EUR,WIRE,WITHDRAWAL,CORE_BANKING
f2bb4069-5327-4225-8ec1-82dd4f6b5cce,2026-07-25 09:55:55,ACC99004832,Nina Muller,AE,ACC10553745,Ivan Lopez,DE,5922.83,PLN,WIRE,TRANSFER,CARDS
a23395ad-a0fa-4037-b7a3-9e65d7173179,2026-07-25 11:51:28,ACC24781783,Sofia Muller,FR,ACC41825487,Lukas Muller,CH,2431.06,USD,WIRE,WITHDRAWAL,MOBILE_APP
c69845f8-6e31-49b7-b481-f153c24d6613,2026-07-25 15:41:19,ACC75939337,Sofia Rossi,GB,ACC24969117,Anna Kowalski,RU,1957.12,USD,MOBILE,WITHDRAWAL,MOBILE_APP
017d231a-c3c7-4158-a656-b9d715060da3,2026-07-25 19:12:58,ACC29711458,Lukas Nowak,RU,ACC37532561,Ivan Lopez,AE,6417.0,PLN,MOBILE,DEPOSIT,CARDS
2e15ff05-30de-4340-921c-ff89beb9954e,2026-07-25 15:37:30,ACC23833135,Ivan Lopez,DE,ACC35322723,Nina Petrov,NL,2099.36,EUR,CARD,WITHDRAWAL,CORE_BANKING
34b6c9d8-5ed9-4cd1-b69a-c54841fec225,2026-07-25 04:04:03,ACC74995591,Lukas Kowalski,NL,ACC24471004,John Schmidt,AE,834.67,EUR,CASH,TRANSFER,CARDS
9a175063-b21b-49b8-aacc-541e8aedb77d,2026-07-25 19:59:03,ACC10113187,Ivan Rossi,FR,ACC47877483,John Muller,CH,10163.59,PLN,MOBILE,DEPOSIT,CARDS
d070faaf-9941-48c6-872a-0252c60d4385,2026-07-25 18:26:52,ACC45351739,Maria Lopez,CH,ACC92804241,Sofia Dubois,US,604.13,EUR,WIRE,DEPOSIT,CORE_BANKING
4b1f380b-3051-4f10-8f55-4a535d8bc665,2026-07-25 12:23:26,ACC16264794,Ivan Dubois,DE,ACC79174131,Nina Novak,IR,8245.6,EUR,CASH,WITHDRAWAL,CORE_BANKING
f8da76e8-d201-443d-af27-1ff290a3d142,2026-07-25 17:26:21,ACC28713077,Ivan Novak,GB,ACC13328008,Lukas Lopez,NL,9453.83,PLN,MOBILE,TRANSFER,CARDS
35e5aeb5-057f-4e2e-871a-ba5271292853,2026-07-25 20:21:47,ACC20362848,Maria Nowak,US,ACC97603904,Lukas Silva,DE,6361.27,EUR,MOBILE,DEPOSIT,CARDS
3a61c6b4-53f6-4168-88ee-e1e3fca9d1e4,2026-07-25 21:58:23,ACC99324622,Anna Rossi,CY,ACC36826266,Maria Nowak,CH,1395.88,PLN,MOBILE,DEPOSIT,MOBILE_APP
d62dbf7b-8d89-4819-af06-530a9c3e38d9,2026-07-25 04:15:24,ACC52496800,Nina Petrov,LU,ACC44951262,Sofia Petrov,NL,451.27,EUR,MOBILE,WITHDRAWAL,CORE_BANKING
60a225b0-650d-4fd9-936e-4a56780d446f,2026-07-25 23:18:50,ACC15078212,Lukas Dubois,DE,ACC54269149,Lukas Lopez,PL,29.09,PLN,CASH,WITHDRAWAL,CARDS
7d4951d3-e29e-4d48-a975-ad4dd4a7471c,2026-07-25 12:43:49,ACC95564277,Elena Kowalski,RU,ACC37002880,Piotr Dubois,FR,5893.15,GBP,MOBILE,DEPOSIT,MOBILE_APP
f8e84979-866e-4e47-a038-cbfe29a6f645,2026-07-25 16:07:57,ACC96693449,Anna Petrov,IR,ACC13329148,Nina Dubois,CY,7732.37,EUR,WIRE,TRANSFER,MOBILE_APP
6392e0d5-52ad-472a-9c16-77d20ae92bfc,2026-07-25 05:06:04,ACC50199242,Maria Silva,IR,ACC55276604,Maria Kowalski,GB,7860.16,EUR,CARD,TRANSFER,MOBILE_APP
5e2c94f9-b65d-4b4e-826d-2017520cc90e,2026-07-25 00:29:02,ACC92724918,Anna Dubois,NL,ACC67512010,Elena Lopez,FR,2457.71,EUR,CARD,WITHDRAWAL,CARDS
d078bba2-e5ef-4bb6-8620-a7ed421fc653,2026-07-25 05:35:47,ACC75419352,John Petrov,RU,ACC43572518,Elena Nowak,CH,4324.34,GBP,MOBILE,WITHDRAWAL,CARDS
d71f93cf-b2a3-40f9-a406-32987fbdec97,2026-07-25 03:26:33,ACC34306373,Lukas Nowak,RU,ACC68204387,Piotr Lopez,DE,8344.72,EUR,MOBILE,TRANSFER,MOBILE_APP
fff854cc-3348-4cdf-9659-7da640dc2b23,2026-07-25 12:32:55.536645,ACC39763482,Piotr Muller,RU,ACC87759654,Anna Novak,LU,9895.4,EUR,WIRE,TRANSFER,CORE_BANKING
c57c4218-6c27-4b46-b9d6-c3273a2ab316,2026-07-25 08:36:37,ACC77702274,Lukas Novak,GB,ACC18137886,Sofia Nowak,CY,5186.42,PLN,WIRE,WITHDRAWAL,CORE_BANKING
651ba962-1629-46e5-99de-06c0f5752540,2026-07-25 10:51:43,ACC70588691,Lukas Schmidt,NL,ACC99878149,Piotr Petrov,PL,9177.17,EUR,CASH,WITHDRAWAL,CARDS
ecc4013a-af65-4559-9d55-1a47aa7a6bb5,2026-07-25 20:45:57,ACC86844836,Anna Nowak,FR,ACC37636546,Sofia Nowak,CY,4110.35,GBP,CARD,DEPOSIT,CARDS
7d97606e-cc3b-4252-a717-52080f2d19fe,2026-07-25 00:23:27,ACC28318112,Sofia Nowak,LU,ACC71922288,Anna Novak,CY,2646.35,USD,CASH,TRANSFER,CARDS
aeae0a3d-9235-446a-b696-3d619df14842,2026-07-25 17:26:37,ACC14772547,Marek Nowak,DE,ACC94181424,Maria Schmidt,US,9621.39,PLN,CASH,DEPOSIT,CORE_BANKING
4a91285f-9b64-40ee-a17c-901fc6d271cc,2026-07-25 23:37:50,ACC87862305,Elena Muller,US,ACC57340158,Piotr Schmidt,RU,5034.61,PLN,MOBILE,TRANSFER,CORE_BANKING
6c4646db-9f88-4840-b1e1-ab1a5ac15339,2026-07-25 04:38:55,ACC68498545,Ivan Rossi,GB,ACC88338313,Ivan Petrov,DE,3286.27,PLN,MOBILE,DEPOSIT,CARDS
486490ab-dbfd-4e78-a634-02012a0e136e,2026-07-25 17:33:45,ACC55729880,Elena Lopez,CH,ACC68432185,Nina Rossi,CY,4042.4,USD,CARD,DEPOSIT,MOBILE_APP
c02e66b0-d3b5-4e0a-b735-f69a29c5c480,2026-07-25 11:07:43,ACC51974837,Anna Novak,FR,ACC42217185,Anna Petrov,AE,4280.27,EUR,WIRE,DEPOSIT,CARDS
8ddd93ab-9de0-441b-9139-2eee2b59be87,2026-07-25 07:10:59,ACC21311994,John Schmidt,US,ACC62344046,Marek Schmidt,CY,9252.61,GBP,CARD,TRANSFER,MOBILE_APP
95cfcbfb-3d22-4236-bfa8-5d8eb27129bf,2026-07-25 13:06:59,ACC31746728,Nina Muller,GB,ACC21568480,Maria Petrov,DE,8361.79,USD,CARD,DEPOSIT,CARDS
78921f27-e939-407b-b707-639dd91b207d,2026-07-25 22:00:16,ACC59765936,Sofia Rossi,NL,ACC58480869,Lukas Silva,AE,4520.67,EUR,MOBILE,WITHDRAWAL,CORE_BANKING
cde21498-f7e0-4d50-a3cb-fa599d8bad77,2026-07-25 03:38:57,ACC28426925,John Lopez,FR,ACC60717541,Lukas Kowalski,FR,7610.74,EUR,WIRE,TRANSFER,CORE_BANKING
49511213-9c1b-4dd9-b644-f5119df038f9,2026-07-25 23:14:41,ACC47224958,Nina Schmidt,LU,ACC32881048,Ivan Muller,RU,4170.98,USD,WIRE,DEPOSIT,CORE_BANKING
7ffa344b-a0e6-4e3d-b66d-1717abf076d4,2026-07-25 02:15:51,ACC27456803,Maria Muller,LU,ACC20478739,Sofia Schmidt,CH,4472.81,PLN,MOBILE,DEPOSIT,CARDS
5a223b19-3d92-468e-84d4-c133c137afd8,2026-07-25 19:34:12,ACC12650315,Lukas Schmidt,CY,ACC81147161,Maria Novak,CY,1957.65,EUR,CARD,DEPOSIT,CORE_BANKING
3c6f596c-4336-449e-8636-0bca8ef6b0fe,2026-07-25 11:46:29,ACC19931717,Piotr Kowalski,CH,ACC62155724,Sofia Kowalski,GB,2716.89,GBP,CARD,WITHDRAWAL,CORE_BANKING
1cb63eaf-fb17-4e19-8b7b-190acb8925f5,2026-07-25 23:18:29,ACC54763940,Piotr Petrov,NL,ACC46728250,John Novak,CH,952.45,USD,CASH,TRANSFER,CORE_BANKING
96b5123d-4ab1-44cf-957c-1ceca6bd0d43,2026-07-25 10:18:07,ACC17453784,Anna Schmidt,AE,ACC61189424,Anna Silva,GB,3406.83,USD,CARD,WITHDRAWAL,CORE_BANKING
b1534042-688f-4676-b840-b3bc5ef45137,2026-07-25 18:12:48,ACC80055957,Nina Schmidt,GB,ACC76632538,Anna Muller,AE,9797.16,EUR,MOBILE,WITHDRAWAL,MOBILE_APP
2372e0f1-1fd6-4bad-a2ab-e38f3f165582,2026-07-25 07:38:14,ACC36260378,John Rossi,IR,ACC87266743,Anna Petrov,CH,2306.07,PLN,CARD,TRANSFER,CORE_BANKING
84f926ea-2643-463d-9786-87b6413623f4,2026-07-25 15:02:34,ACC75629343,Lukas Schmidt,FR,ACC97120361,Anna Schmidt,PL,5844.69,PLN,WIRE,WITHDRAWAL,CARDS
4423df61-3a4f-4baf-9767-89e26cd33a21,2026-07-25 03:41:14,ACC13485913,Maria Schmidt,US,ACC88894973,Elena Novak,FR,3579.18,EUR,WIRE,DEPOSIT,CORE_BANKING
b070a965-8574-480c-8d93-359089d3061c,2026-07-25 23:20:12,ACC97245556,John Rossi,CH,ACC64609958,Piotr Novak,RU,7074.09,PLN,CASH,WITHDRAWAL,MOBILE_APP
679b47c4-4418-443e-a8a0-6090e45abf9b,2026-07-25 07:37:50,ACC84953463,John Rossi,DE,ACC87511871,Marek Dubois,IR,4617.37,EUR,CASH,DEPOSIT,CARDS
924c052e-c673-4697-9fdf-5274a21c0c4d,2026-07-25 01:10:09,ACC33297540,Ivan Petrov,PL,ACC63202657,Lukas Nowak,CY,6351.74,GBP,MOBILE,DEPOSIT,CORE_BANKING
69866b3d-9a93-475e-ba16-e587919afa0d,2026-07-25 19:16:57,ACC20311502,Ivan Muller,RU,ACC34595062,Anna Lopez,DE,6716.16,GBP,MOBILE,DEPOSIT,CARDS
8c42a9f0-c4ee-409f-82d6-783db01c2270,2026-07-25 22:32:31,ACC59181804,Marek Schmidt,IR,ACC18993381,Ivan Muller,DE,448.36,GBP,CARD,DEPOSIT,CORE_BANKING
78dec940-1c8f-46dd-8e8c-c18900d2f646,2026-07-25 20:25:12,ACC76167803,Anna Petrov,FR,ACC56923095,Anna Muller,GB,5104.89,USD,CARD,DEPOSIT,MOBILE_APP
5b058507-95cd-484b-af86-ec7435aeb67d,2026-07-25 19:35:55,ACC52402900,Marek Dubois,NL,ACC77086404,Maria Petrov,AE,8952.75,GBP,CARD,DEPOSIT,MOBILE_APP
a9533e8e-2d39-4950-b7dd-d40bc5b5eae2,2026-07-25 12:23:15,ACC35253920,Anna Lopez,US,ACC27101682,Sofia Silva,AE,7781.29,EUR,MOBILE,TRANSFER,MOBILE_APP
e6c18e01-c2a1-432a-a7e9-162d18fc7077,2026-07-25 00:23:06,ACC19120357,John Silva,FR,ACC80499776,Anna Nowak,US,7070.96,USD,MOBILE,WITHDRAWAL,CORE_BANKING
093fe2cb-2c27-43f7-81e0-38406116c4d7,2026-07-25 17:31:08,ACC85935555,Maria Rossi,CH,ACC73783961,Nina Petrov,DE,6025.66,PLN,CASH,DEPOSIT,CARDS
d097c98e-1593-4291-a8a6-b30642ec6b8b,2026-07-25 13:12:40,ACC26381779,Ivan Muller,LU,ACC62139697,John Silva,GB,9485.09,GBP,WIRE,TRANSFER,CARDS
fbda8d4d-50a3-4caf-954b-14660db6ad37,2026-07-25 05:45:32,ACC59022249,Marek Novak,NL,ACC20343529,John Lopez,CH,336.35,USD,CARD,WITHDRAWAL,MOBILE_APP
3010d535-3c0b-46ae-81c4-c52180316066,2026-07-25 22:00:12,ACC69349051,Elena Rossi,GB,ACC37369495,Nina Silva,DE,5793.2,PLN,CARD,DEPOSIT,MOBILE_APP
7da467f4-cf65-4913-9d95-530a0692e5c2,2026-07-25 20:09:56,ACC50532800,Nina Dubois,LU,ACC85065432,Maria Muller,PL,5161.34,EUR,CARD,WITHDRAWAL,CARDS
1f484bed-af6e-4332-998a-e74bcd27fac7,2026-07-25 05:23:12,ACC37414797,Ivan Kowalski,GB,ACC65906603,Ivan Petrov,LU,5221.53,GBP,CASH,WITHDRAWAL,MOBILE_APP
853b0f25-125a-466d-93ed-34f718588628,2026-07-25 11:52:24,ACC98284097,Lukas Lopez,CY,ACC66528833,Piotr Kowalski,IR,411.72,PLN,WIRE,WITHDRAWAL,CARDS
a3178af1-850a-4b1f-98e1-b8fc18dd6880,2026-07-25 00:26:37,ACC57158074,Piotr Nowak,CY,ACC21757289,Elena Nowak,IR,3003.14,PLN,CASH,WITHDRAWAL,CORE_BANKING
406787c2-1ff3-4981-a187-d54c3d2aacee,2026-07-25 19:43:39,ACC17096679,Nina Schmidt,NL,ACC73865585,Ivan Kowalski,FR,6065.45,USD,WIRE,WITHDRAWAL,CORE_BANKING
82ea8fb7-231e-4ba8-ba77-a03c2ffa312e,2026-07-25 10:09:47,ACC32896080,John Lopez,FR,ACC33788294,Piotr Novak,CY,8839.58,PLN,CARD,TRANSFER,MOBILE_APP
910ca2b0-b139-46a2-96fe-c17fc7e162e7,2026-07-25 20:49:09,ACC40283277,Lukas Novak,NL,ACC36424359,Marek Rossi,GB,8484.41,EUR,WIRE,TRANSFER,CARDS
1149d3f1-5891-4f1b-a57f-609fb29c2f67,2026-07-25 02:31:48,ACC61793831,Piotr Muller,NL,ACC49071522,Ivan Novak,LU,9570.9,EUR,MOBILE,DEPOSIT,CORE_BANKING
cd7f4095-1f9b-4627-b694-6eaec8fb1a64,2026-07-25 04:41:46,ACC78783800,Nina Rossi,US,ACC21205911,Lukas Schmidt,LU,4639.87,GBP,WIRE,DEPOSIT,MOBILE_APP
2612709e-56da-4283-93a5-9ff52aaf5829,2026-07-25 06:53:05,ACC49484539,Marek Rossi,NL,ACC17148298,Piotr Petrov,CY,8974.48,PLN,CARD,DEPOSIT,CORE_BANKING
101af818-ebb4-4a43-bbbd-1d32fce74193,2026-07-25 13:23:44,ACC86134053,Anna Kowalski,IR,ACC80576741,Lukas Nowak,RU,1802.89,PLN,WIRE,TRANSFER,MOBILE_APP
448615cb-89f9-4279-83a9-509ce1f2f25a,2026-07-25 04:19:30,ACC83836349,Maria Petrov,US,ACC63670451,Ivan Silva,DE,4433.08,EUR,WIRE,TRANSFER,CORE_BANKING
37056a87-8505-4a9a-bcdb-5ff356902631,2026-07-25 08:49:25,ACC58508204,John Petrov,GB,ACC91260195,Maria Petrov,GB,5026.56,USD,CARD,TRANSFER,CORE_BANKING
fd7c2768-c0d0-463e-bc8b-91d84853eaad,2026-07-25 04:38:36,ACC61676160,Sofia Rossi,LU,ACC66885777,Maria Silva,AE,1926.02,GBP,CARD,DEPOSIT,CORE_BANKING
4bbbebcc-f07b-40fe-9476-ad3bd8f0647b,2026-07-25 17:14:01,ACC93576934,Sofia Nowak,IR,ACC68549800,John Petrov,GB,1245.54,USD,CASH,WITHDRAWAL,CARDS
5883c54d-90b9-448d-a3b1-04a3fd5c09b9,2026-07-25 09:30:42,ACC41701674,Maria Petrov,CY,ACC14441335,Sofia Novak,DE,8220.89,USD,CASH,WITHDRAWAL,CARDS
e79510ee-1af0-404e-88a8-c93d0302d7cb,2026-07-25 23:19:18,ACC73423402,Anna Dubois,CH,ACC34074943,Maria Muller,PL,8762.87,EUR,MOBILE,WITHDRAWAL,CORE_BANKING
7530ccef-d1b1-44d4-8285-7defeaa578e8,2026-07-25 12:09:06,ACC54190018,Piotr Dubois,IR,ACC46838009,Elena Lopez,DE,2080.85,GBP,WIRE,WITHDRAWAL,CARDS
a166d1d7-e37f-44bf-85fe-d04d2aa53669,2026-07-25 14:11:51,ACC41667072,Lukas Muller,DE,ACC24336334,Marek Muller,GB,8465.22,PLN,CASH,WITHDRAWAL,MOBILE_APP
